date,fuel_price,region
2022-01-10,644.58,Europe
2024-08-12,459.42,Europe
2024-04-26,722.56,Europe
2024-12-20,545.03,Africa
2022-10-23,556.43,Americas
2024-02-04,529.76,Africa
2024-01-20,822.08,Africa
2023-07-21,791.06,Africa
2022-08-04,303.42,Asia
2022-11-30,744.59,Americas
2022-07-26,817.2,Africa
2023-12-04,631.81,Asia
2023-10-09,850.65,Americas
2024-06-16,397.79,Europe
2022-02-03,733.19,Americas
2022-07-06,715.4,Europe
2024-03-30,452.27,Americas
2023-10-28,620.69,Americas
2022-02-26,572.8,Europe
2024-01-29,423.29,Asia
2023-05-07,622.56,Asia
2022-07-21,692.28,Africa
2022-08-03,521.14,Europe
2024-10-22,571.18,Americas
2023-05-06,716.03,Asia
2022-05-28,818.08,Africa
2022-12-10,828.58,Asia
2024-12-11,696.12,Asia
2022-10-14,875.52,Asia
2024-10-24,523.71,Asia
2024-03-01,826.93,Americas
2024-03-23,865.98,Asia
2022-10-10,866.26,Europe
2022-03-27,546.6,Africa
2022-10-11,434.21,Africa
2024-04-20,489.02,Europe
2022-06-17,666.64,Asia
2022-04-05,300.47,Africa
2022-10-21,490.73,Africa
2024-01-18,653.36,Asia
2024-10-31,683.66,Europe
2023-07-11,403.91,Americas
2024-07-11,844.93,Africa
2022-02-10,592.86,Europe
2024-09-27,762.43,Americas
2023-06-29,440.88,Americas
2023-11-27,339.53,Americas
2024-03-17,338.85,Americas
2023-12-18,634.89,Africa
2023-12-01,522.64,Africa
2022-01-08,471.03,Africa
2024-05-30,366.9,Americas
2022-08-16,714.68,Europe
2022-09-19,447.82,Americas
2022-05-05,400.68,Asia
2024-01-28,429.16,Americas
2024-10-20,361.88,Africa
2024-04-07,313.18,Asia
2024-08-02,618.91,Americas
2024-10-05,442.3,Asia
2023-08-02,530.03,Asia
2023-12-28,418.18,Africa
2023-11-03,843.8,Africa
2022-07-05,513.1,Africa
2023-06-30,735.47,Europe
2022-05-12,413.82,Africa
2022-03-02,653.98,Africa
2023-10-03,592.34,Americas
2023-11-14,698.44,Asia
2024-02-19,447.9,Americas
2022-09-04,346.25,Europe
2022-06-13,387.8,Europe
2022-08-07,850.16,Africa
2023-06-03,856.36,Americas
2024-12-18,306.66,Europe
2022-03-22,849.68,Europe
2024-09-28,715.87,Asia
2022-07-12,434.29,Africa
2024-08-31,304.22,Africa
2024-08-27,598.31,Americas
2022-03-01,709.43,Africa
2022-04-04,548.08,Americas
2022-05-18,735.29,Europe
2022-04-19,401.97,Asia
2023-11-16,396.62,Europe
2023-12-10,884.7,Africa
2024-04-11,359.24,Africa
2024-05-04,727.97,Europe
2022-03-27,422.58,Africa
2023-03-25,864.01,Americas
2023-03-29,524.38,Americas
2024-03-21,356.67,Americas
2023-10-03,868.96,Asia
2024-05-29,511.48,Europe
2022-08-11,599.35,Europe
2024-01-21,638.65,Asia
2024-12-21,494.24,Europe
2023-11-16,399.2,Asia
2022-02-21,590.29,Asia
2024-12-14,641.47,Asia
2023-09-17,329.18,Americas
2023-02-08,697.34,Europe
2024-07-22,852.83,Europe
2024-01-25,441.53,Asia
2023-04-19,843.83,Americas
2023-03-16,426.68,Americas
2022-08-01,549.44,Americas
2022-06-11,322.09,Europe
2024-02-15,653.49,Asia
2024-07-04,738.85,Europe
2023-07-10,379.41,Europe
2022-12-31,500.5,Africa
2022-10-18,756.87,Europe
2023-06-10,749.54,Americas
2023-10-11,316.22,Africa
2022-09-12,352.99,Europe
2023-08-11,456.57,Asia
2024-10-06,347.23,Europe
2023-04-26,547.25,Europe
2024-11-02,791.43,Africa
2024-07-01,868.24,Americas
2023-05-25,797.38,Europe
2022-02-24,732.56,Asia
2022-03-20,307.31,Asia
2022-05-03,742.07,Americas
2023-04-22,673.67,Americas
2022-09-12,530.75,Europe
2022-10-25,833.28,Africa
2022-06-21,730.21,Asia
2023-10-17,823.64,Europe
2024-10-06,648.4,Europe
2024-09-06,654.9,Europe
2023-08-12,425.99,Americas
2023-10-19,716.75,Africa
2023-02-24,379.09,Americas
2023-10-30,736.31,Europe
2022-12-27,805.21,Asia
2023-02-16,584.4,Europe
2024-08-23,328.85,Asia
2023-02-17,875.64,Europe
2023-03-28,872.13,Americas
2022-02-08,796.52,Europe
2023-07-30,662.88,Asia
2024-12-23,676.98,Africa
2023-12-28,533.55,Asia
2024-09-28,745.86,Africa
2022-12-04,539.55,Americas
2022-12-02,330.39,Americas
2024-02-22,343.12,Europe
2023-11-10,385.73,Americas
2024-12-13,394.78,Europe
2024-09-29,787.78,Africa
2022-08-17,305.43,Americas
2022-06-12,418.47,Europe
2023-12-17,735.79,Asia
2022-02-11,758.45,Asia
2023-09-21,363.3,Americas
2023-02-24,586.5,Africa
2022-10-11,747.35,Americas
2023-10-08,528.38,Africa
2024-01-15,453.98,Africa
2022-06-09,317.99,Americas
2023-08-04,527.49,Americas
2024-03-09,465.51,Americas
2024-09-21,864.05,Europe
2024-10-17,622.39,Asia
2023-03-01,717.59,Asia
2023-10-08,523.94,Asia
2024-08-30,751.16,Africa
2022-10-03,468.89,Americas
2024-12-10,512.9,Europe
2022-03-30,667.5,Americas
2023-01-13,628.17,Americas
2024-12-02,390.36,Africa
2024-01-10,505.81,Africa
2022-01-23,808.02,Africa
2022-08-14,804.17,Asia
2022-08-24,312.98,Africa
2023-01-20,772.33,Asia
2022-06-16,679.29,Africa
2022-08-28,502.65,Asia
2023-09-30,486.24,Asia
2024-05-31,889.83,Europe
2024-10-09,535.39,Europe
2022-10-03,689.95,Americas
2022-07-07,556.35,Asia
2022-11-21,843.46,Africa
2024-07-29,820.87,Americas
2023-09-01,782.15,Africa
2023-09-30,838.09,Europe
2023-01-03,613.75,Asia
2022-09-17,839.43,Africa
2024-10-14,454.74,Americas
2023-08-03,694.02,Americas
2022-08-26,505.65,Africa
2024-12-25,717.15,Asia
2024-07-26,814.47,Africa
2023-11-03,711.86,Americas
2022-03-04,799.15,Asia
2024-05-24,444.55,Africa
2022-09-19,739.86,Asia
2023-04-30,463.11,Asia
2022-06-02,548.24,Americas
2022-07-16,680.44,Americas
2023-03-03,890.04,Europe
2023-03-08,467.0,Africa
2024-08-12,868.64,Asia
2024-09-19,462.73,Americas
2022-05-21,784.18,Europe
2022-01-30,889.57,Americas
2023-07-12,454.59,Europe
2024-10-07,819.31,Americas
2023-02-07,509.5,Africa
2024-05-29,421.88,Europe
2023-10-03,397.09,Asia
2024-03-08,401.64,Europe
2023-07-29,717.84,Africa
2024-09-04,381.0,Americas
2022-04-03,360.57,Europe
2022-10-23,628.98,Asia
2024-08-04,489.51,Africa
2023-12-23,866.36,Asia
2023-02-02,507.35,Americas
2024-10-13,870.06,Asia
2022-03-21,627.53,Americas
2024-05-19,490.84,Europe
2023-02-10,328.13,Asia
2023-07-23,667.75,Europe
2022-12-28,562.51,Africa
2023-04-29,428.21,Europe
2022-12-11,542.62,Asia
2023-05-01,762.17,Africa
2024-05-24,643.49,Americas
2022-05-24,636.93,Americas
2022-10-01,362.36,Asia
2023-04-16,786.32,Europe
2022-05-04,575.07,Europe
2022-10-25,424.72,Asia
2023-04-26,686.63,Africa
2022-09-14,451.66,Asia
2023-06-27,441.36,Asia
2024-12-27,510.45,Asia
2023-03-11,504.23,Asia
2022-09-12,538.02,Asia
2023-08-11,507.09,Americas
2022-01-12,687.44,Americas
2024-11-04,864.56,Africa
2023-01-09,824.83,Asia
2024-11-10,397.22,Europe
2022-10-29,682.63,Africa
2022-03-09,697.72,Africa
2023-04-22,554.37,Africa
2023-02-16,841.0,Americas
2022-04-26,580.25,Americas
2022-06-14,574.48,Africa
2023-09-25,794.72,Africa
2023-10-30,701.07,Africa
2023-11-05,561.11,Europe
2023-03-31,749.15,Africa
2022-03-16,409.08,Asia
2023-05-31,689.56,Africa
2022-04-10,372.82,Americas
2023-10-08,751.71,Europe
2024-03-15,517.38,Asia
2023-11-12,858.0,Asia
2023-01-11,550.96,Americas
2024-06-20,718.82,Asia
2024-11-23,673.6,Asia
2022-11-07,439.55,Europe
2023-12-14,395.61,Asia
2023-01-17,343.48,Africa
2022-12-16,392.75,Asia
2023-09-01,445.31,Europe
2024-01-28,531.31,Africa
2024-02-28,754.17,Africa
2023-11-19,420.62,Europe
2024-10-08,544.68,Asia
2022-04-11,321.46,Americas
2024-10-09,355.8,Europe
2022-07-11,870.56,Europe
2022-08-13,889.13,Americas
2024-05-17,765.87,Europe
2024-12-13,413.3,Americas
2022-09-07,813.42,Asia
2024-10-20,343.49,Asia
2022-08-27,674.4,Africa
2023-11-30,650.32,Africa
2024-04-09,402.26,Europe
2022-04-07,446.95,Europe
2023-04-11,519.21,Asia
2023-02-24,704.04,Americas
2023-06-17,801.68,Africa
2022-12-12,707.2,Asia
2024-06-10,466.61,Asia
2023-04-14,708.49,Americas
2022-07-18,854.7,Americas
2023-06-04,825.25,Asia
2023-01-21,892.89,Asia
2024-05-25,682.95,Asia
2023-11-13,487.74,Asia
2023-08-08,468.28,Asia
2023-03-29,749.18,Asia
2024-03-05,688.52,Europe
2024-11-27,803.39,Asia
2022-12-14,487.37,Asia
2024-01-01,487.99,Africa
2024-05-29,769.61,Asia
2023-10-30,717.77,Africa
2023-08-09,608.62,Africa
2023-10-06,874.15,Europe
2024-11-04,677.93,Asia
2024-04-30,417.85,Americas
2024-07-22,468.07,Europe
2022-03-20,361.44,Europe
2024-08-06,526.96,Asia
2023-03-03,485.32,Americas
2022-04-17,891.43,Europe
2024-02-17,513.86,Europe
2023-06-23,314.34,Asia
2022-05-07,870.51,Asia
2022-06-22,503.01,Americas
2022-09-29,848.32,Americas
2022-05-02,633.5,Africa
2022-09-25,848.65,Africa
2023-01-29,514.08,Europe
2022-10-30,534.55,Asia
2024-11-04,475.3,Asia
2023-04-02,377.65,Americas
2024-01-10,732.82,Americas
2022-09-10,767.28,Europe
2022-05-16,405.89,Asia
2024-05-15,445.21,Europe
2023-02-24,705.63,Africa
2023-11-29,558.39,Africa
2023-07-30,388.44,Europe
2023-09-25,665.37,Asia
2023-07-21,857.77,Europe
2024-02-16,435.0,Europe
2022-08-17,873.11,Europe
2024-04-21,402.1,Africa
2023-10-12,409.28,Africa
2024-01-22,736.83,Americas
2022-12-19,475.57,Americas
2022-08-17,315.08,Americas
2022-05-10,459.3,Americas
2024-07-25,438.75,Africa
2023-10-12,882.92,Americas
2024-01-25,597.82,Africa
2024-04-20,619.39,Europe
2024-07-30,856.14,Africa
2022-08-14,642.43,Africa
2024-11-18,611.8,Americas
2023-08-06,440.56,Americas
2023-08-26,692.36,Africa
2023-02-02,440.97,Africa
2024-03-20,698.65,Africa
2022-10-13,655.83,Africa
2022-06-01,675.17,Africa
2024-05-18,454.44,Asia
2023-04-26,363.44,Europe
2023-08-09,857.45,Africa
2024-10-09,406.26,Americas
2023-03-18,819.77,Europe
2023-10-01,896.91,Africa
2024-01-02,877.0,Africa
2022-10-20,392.11,Africa
2022-07-01,485.0,Africa
2023-06-28,547.39,Asia
2024-04-13,569.33,Americas
2024-05-25,448.11,Americas
2023-02-28,304.03,Americas
2023-02-21,579.98,Asia
2024-06-14,744.3,Asia
2022-08-26,515.39,Asia
2022-05-20,744.38,Americas
2024-05-17,329.33,Asia
2023-10-23,421.53,Africa
2024-03-30,331.35,Americas
2022-11-05,326.53,Europe
2022-12-31,338.56,Americas
2024-01-31,399.22,Asia
2024-07-31,528.9,Asia
2023-07-18,870.48,Americas
2023-05-29,530.17,Africa
2023-04-10,365.66,Americas
2023-06-09,330.18,Asia
2022-05-10,663.39,Americas
2022-09-08,800.53,Asia
2023-07-23,542.83,Africa
2022-03-18,770.43,Asia
2022-01-29,518.61,Asia
2023-02-19,688.46,Americas
2022-10-08,864.96,Africa
2023-11-01,821.35,Asia
2022-10-21,814.95,Africa
2024-02-14,453.85,Africa
2022-03-26,683.52,Americas
2023-03-25,811.89,Europe
2024-11-29,534.35,Americas
2023-03-09,478.11,Americas
2024-08-22,724.32,Asia
2022-02-04,830.31,Europe
2022-01-28,863.93,Asia
2024-09-12,648.19,Africa
2023-08-08,504.49,Europe
2022-02-10,411.72,Asia
2023-11-16,563.23,Africa
2022-05-06,860.63,Africa
2022-12-15,516.49,Americas
2023-07-10,327.06,Africa
2023-12-24,479.69,Asia
2023-07-05,502.89,Americas
2022-08-24,366.74,Americas
2022-04-10,837.53,Americas
2022-05-25,574.32,Africa
2022-12-16,410.47,Asia
2022-04-22,809.09,Africa
2024-06-10,478.66,Americas
2023-01-28,394.85,Americas
2024-11-04,419.92,Africa
2023-07-09,521.11,Africa
2023-04-12,765.25,Americas
2024-08-13,675.32,Asia
2024-09-25,412.12,Europe
2024-01-08,689.15,Europe
2024-06-27,639.79,Africa
2024-11-12,485.29,Europe
2024-01-31,781.08,Africa
2023-02-06,471.26,Americas
2022-11-17,517.06,Africa
2024-05-04,446.83,Europe
2024-11-07,342.76,Europe
2024-02-18,838.53,Asia
2022-04-20,314.88,Africa
2022-10-02,519.56,Europe
2024-06-26,697.7,Asia
2022-02-24,570.34,Americas
2022-10-03,830.66,Europe
2022-12-31,409.7,Europe
2022-07-17,849.21,Asia
2024-04-18,335.84,Africa
2023-11-15,847.2,Europe
2023-07-27,848.13,Africa
2023-03-31,534.18,Americas
2022-01-26,645.09,Americas
2023-05-10,425.4,Americas
2024-03-04,635.13,Africa
2022-03-27,376.98,Americas
2024-12-15,428.3,Americas
2023-03-02,667.19,Americas
2024-05-16,887.86,Europe
2023-04-26,783.57,Africa
2023-05-04,623.09,Africa
2022-03-11,818.59,Asia
2023-05-27,329.01,Americas
2022-09-04,382.38,Africa
2024-01-05,400.45,Europe
2024-11-10,339.57,Africa
2024-04-19,324.21,Europe
2024-02-08,749.08,Americas
2024-10-16,383.98,Asia
2024-06-13,372.6,Europe
2023-08-08,339.71,Americas
2024-05-11,898.61,Europe
2022-02-27,376.88,Asia
2022-12-31,389.73,Asia
2024-12-29,830.3,Americas
2023-09-08,430.67,Africa
2022-08-08,587.24,Africa
2022-01-18,665.23,Europe
2022-08-08,546.61,Americas
2023-10-31,557.66,Americas
2024-10-28,876.37,Asia
2022-12-29,797.93,Europe
2023-05-11,463.86,Africa
2023-05-16,843.6,Europe
2022-07-24,656.05,Americas
2024-01-10,603.71,Africa
2024-10-12,840.34,Asia
2022-01-23,856.86,Europe
2024-12-25,504.23,Americas
2023-12-20,632.84,Africa
2022-04-02,335.3,Africa
2024-09-09,408.93,Americas
2023-11-24,369.64,Africa
2022-01-03,849.71,Americas
2022-07-10,873.71,Americas
2022-07-04,751.62,Europe
2023-06-27,448.58,Americas
2024-02-27,690.0,Europe
2022-12-02,374.51,Asia
2024-06-11,481.56,Americas
2024-10-09,433.11,Americas
2023-04-17,513.62,Asia
2023-01-01,861.23,Americas
2024-05-27,874.5,Europe
2022-04-30,770.22,Europe
2024-11-18,391.35,Europe
2022-12-16,639.81,Americas
2023-09-20,606.37,Americas
2024-03-08,533.15,Europe
2024-11-27,416.42,Americas
2023-01-28,422.92,Americas
2022-07-06,852.08,Africa
2022-07-21,757.3,Asia
2022-11-21,696.09,Asia
2022-11-10,759.72,Asia
2024-04-16,817.53,Asia
2022-12-08,332.81,Asia
2022-09-12,633.24,Asia
2023-11-09,765.39,Europe
2022-08-12,529.05,Americas
2024-08-23,427.0,Americas
2022-06-10,691.9,Africa
2022-06-21,888.25,Europe
2023-08-29,878.06,Asia
2022-04-25,471.17,Europe
2024-01-25,576.3,Asia
2022-08-03,524.49,Americas
2023-01-24,887.18,Europe
2024-03-23,721.16,Americas
2023-02-04,700.74,Asia
2024-01-05,376.07,Asia
2024-09-02,448.21,Africa
2023-11-09,607.94,Asia
2024-11-17,764.4,Americas
2022-06-11,608.15,Europe
2024-04-21,832.5,Europe
2022-09-17,615.57,Asia
2023-04-01,516.25,Africa
2022-12-27,586.8,Europe
2024-07-06,453.87,Europe
2024-07-28,422.18,Asia
2024-06-18,626.07,Europe
2024-04-20,774.59,Europe
2024-07-22,547.38,Americas
2023-08-26,440.51,Americas
2023-05-14,838.72,Europe
2022-06-07,330.4,Europe
2022-07-08,571.17,Americas
2024-03-31,535.48,Europe
2024-04-14,472.57,Africa
2023-01-05,636.98,Europe
2022-01-25,728.83,Europe
2023-09-13,729.21,Europe
2024-08-17,659.36,Africa
2023-12-06,717.57,Asia
2023-07-01,830.89,Americas
2024-03-23,343.26,Americas
2022-07-01,592.14,Americas
2024-09-20,485.76,Americas
2022-09-09,781.08,Europe
2024-08-19,806.62,Europe
2024-12-17,760.11,Africa
2023-04-25,661.93,Africa
2024-04-11,582.59,Africa
2022-04-17,601.09,Africa
2024-05-08,368.55,Africa
2023-01-21,753.22,Americas
2024-07-31,598.87,Europe
2023-07-12,317.22,Americas
2023-12-05,669.58,Americas
2024-04-25,899.09,Europe
2022-10-24,529.39,Europe
2024-06-22,549.31,Americas
2024-06-30,725.73,Europe
2023-03-30,401.09,Europe
2023-10-27,409.63,Americas
2023-11-22,508.1,Europe
2022-05-23,833.13,Africa
2023-09-14,446.91,Asia
2022-02-13,581.66,Africa
2023-08-18,760.51,Asia
2023-07-18,499.22,Americas
2024-02-02,470.67,Africa
2022-11-23,722.97,Africa
2022-05-06,799.95,Africa
2022-05-06,517.64,Americas
2024-12-02,831.48,Americas
2023-12-02,697.07,Europe
2022-05-13,367.9,Asia
2023-10-16,757.59,Asia
2024-08-21,807.35,Asia
2023-02-23,726.12,Americas
2022-11-09,396.02,Europe
2024-11-27,304.46,Africa
2022-09-10,668.43,Americas
2022-12-30,312.55,Africa
2024-12-24,810.25,Africa
2023-05-26,793.78,Asia
2023-06-24,308.32,Europe
2023-01-22,352.45,Africa
2022-05-05,766.23,Africa
2024-09-12,528.44,Asia
2022-08-01,376.13,Africa
2022-11-26,670.91,Americas
2023-05-15,415.08,Americas
2024-04-29,502.06,Americas
2024-01-12,501.66,Americas
2022-01-04,334.37,Africa
2023-01-28,659.73,Europe
2024-05-04,778.38,Europe
2022-12-26,581.05,Europe
2024-07-12,744.61,Americas
2022-09-01,845.95,Americas
2022-12-07,771.03,Africa
2022-12-14,507.08,Europe
2022-05-25,479.48,Europe
2022-09-06,824.53,Americas
2023-09-19,628.71,Asia
2022-12-19,644.22,Asia
2022-10-16,411.3,Europe
2023-07-18,386.76,Americas
2023-01-30,346.23,Asia
2024-09-14,343.46,Europe
2024-12-25,637.42,Americas
2022-10-29,622.26,Asia
2022-05-23,808.73,Asia
2024-06-27,890.62,Europe
2022-09-23,893.55,Europe
2023-10-28,411.45,Africa
2022-03-04,677.57,Europe
2023-10-21,366.4,Asia
2023-10-30,559.49,Africa
2023-09-03,657.77,Americas
2023-01-08,887.97,Americas
2023-09-09,734.54,Americas
2024-12-25,454.89,Europe
2024-12-19,514.19,Americas
2024-05-26,759.0,Europe
2022-10-24,614.15,Europe
2024-07-26,321.3,Americas
2022-08-06,328.98,Americas
2024-10-04,770.02,Europe
2023-09-02,700.07,Europe
2024-04-11,333.2,Africa
2023-10-10,408.86,Europe
2022-08-25,830.02,Africa
2022-07-09,866.36,Africa
2023-03-19,579.58,Europe
2024-12-17,722.66,Asia
2022-03-30,735.69,Europe
2024-08-04,411.58,Africa
2022-07-07,578.71,Asia
2023-04-05,618.78,Africa
2023-03-08,729.03,Africa
2024-02-21,301.97,Americas
2022-03-29,577.07,Americas
2023-09-11,880.13,Europe
2024-02-09,595.4,Americas
2023-10-31,386.4,Europe
2023-08-01,699.41,Americas
2022-07-27,832.48,Americas
2024-07-04,370.86,Asia
2022-04-26,527.42,Americas
2022-03-24,360.14,Europe
2023-09-28,581.24,Americas
2022-09-10,691.25,Europe
2023-07-16,330.23,Asia
2022-04-12,742.28,Europe
2023-06-03,671.32,Americas
2022-02-15,842.58,Europe
2022-04-20,406.08,Europe
2022-10-29,882.62,Asia
2023-10-11,669.18,Europe
2024-01-03,759.76,Europe
2023-05-15,381.4,Asia
2023-09-01,421.29,Asia
2024-09-14,702.26,Asia
2024-02-12,846.87,Europe
2022-05-27,417.48,Americas
2023-12-14,354.49,Europe
2022-01-03,642.2,Europe
2022-01-20,308.28,Americas
2024-10-28,688.14,Asia
2022-05-06,744.37,Americas
2024-01-15,796.69,Asia
2024-09-06,818.56,Europe
2022-04-07,547.96,Asia
2022-11-06,771.65,Asia
2022-11-19,829.27,Europe
2023-10-02,777.83,Asia
2022-03-11,331.95,Europe
2024-09-08,695.6,Americas
2024-01-20,414.12,Americas
2024-06-15,690.72,Africa
2024-03-18,833.87,Europe
2023-01-03,415.14,Asia
2023-01-18,549.4,Americas
2022-04-18,564.19,Europe
2022-08-09,830.3,Americas
2022-01-16,304.3,Europe
2022-02-28,427.62,Americas
2022-12-26,887.11,Asia
2024-12-08,394.39,Europe
2022-12-15,426.98,Europe
2023-03-23,846.78,Europe
2023-06-23,462.91,Americas
2023-04-03,867.2,Americas
2022-08-09,847.9,Asia
2023-04-25,584.17,Americas
2023-12-29,452.45,Africa
2024-09-08,486.68,Asia
2023-09-27,891.28,Asia
2024-04-12,658.87,Africa
2023-01-04,508.44,Asia
2022-04-11,445.91,Africa
2024-10-24,319.93,Europe
2022-06-18,754.19,Asia
2023-06-25,361.86,Europe
2024-01-10,476.79,Europe
2024-12-09,531.3,Asia
2024-12-02,812.97,Africa
2023-06-04,588.14,Asia
2024-08-19,374.81,Europe
2024-06-15,313.86,Asia
2023-01-13,302.95,Africa
2023-03-18,850.38,Americas
2023-10-22,536.16,Europe
2023-12-04,419.49,Africa
2023-04-01,607.41,Africa
2023-06-22,552.28,Asia
2022-05-10,888.93,Americas
2022-03-07,562.05,Europe
2024-08-31,778.28,Asia
2023-10-13,857.09,Africa
2023-02-07,547.54,Europe
2022-01-20,441.38,Asia
2024-08-16,682.01,Africa
2023-03-13,637.87,Europe
2024-11-15,818.06,Asia
2022-08-19,498.83,Asia
2024-03-20,678.17,Europe
2023-06-05,718.8,Europe
2023-09-23,651.8,Americas
2024-11-12,755.98,Americas
2022-01-11,715.83,Americas
2023-06-14,700.82,Europe
2024-02-16,792.98,Asia
2022-03-19,689.99,Africa
2024-03-23,413.36,Asia
2022-02-13,869.48,Europe
2024-08-31,576.57,Europe
2023-03-15,701.34,Europe
2023-01-17,881.47,Africa
2024-11-01,762.45,Africa
2024-04-29,824.16,Asia
2022-09-19,548.7,Americas
2024-05-05,563.15,Africa
2024-11-24,899.87,Europe
2022-11-02,606.97,Europe
2023-01-23,326.48,Asia
2023-08-27,762.68,Europe
2022-02-23,797.63,Africa
2023-12-21,585.14,Asia
2022-10-04,483.52,Asia
2022-09-04,553.42,Africa
2024-09-27,840.48,Asia
2022-01-13,632.23,Europe
2024-04-24,555.43,Asia
2024-09-25,444.27,Africa
2022-07-05,330.35,Africa
2022-03-23,723.4,Europe
2024-07-09,777.36,Americas
2023-06-06,797.34,Asia
2022-12-03,838.01,Europe
2023-10-08,397.8,Europe
2024-05-01,424.35,Europe
2022-01-24,580.11,Europe
2024-06-16,580.11,Asia
2024-11-23,822.78,Africa
2024-02-17,581.82,Asia
2022-09-14,386.39,Europe
2023-09-25,618.75,Americas
2022-12-16,673.82,Asia
2023-06-24,303.39,Europe
2024-01-21,739.65,Africa
2023-08-05,323.13,Europe
2024-11-23,465.74,Asia
2023-08-28,683.1,Americas
2024-08-12,750.96,Asia
2023-05-17,301.3,Asia
2024-12-18,419.45,Europe
2023-11-26,581.19,Europe
2022-12-22,388.01,Asia
2022-05-11,499.9,Asia
2024-05-05,685.13,Europe
2022-12-29,775.99,Asia
2023-01-04,749.36,Africa
2024-11-24,330.78,Asia
2024-07-15,805.82,Europe
2023-09-17,320.8,Europe
2023-08-09,835.9,Europe
2024-10-07,522.74,Europe
2022-12-25,824.44,Africa
2023-07-13,729.15,Americas
2022-08-17,496.89,Asia
2022-03-13,373.35,Asia
2023-09-27,825.2,Americas
2022-07-16,589.88,Europe
2023-11-24,808.97,Africa
2024-01-11,404.47,Asia
2024-11-05,654.27,Americas
2024-07-08,839.24,Africa
2024-08-03,418.19,Asia
2024-12-13,669.46,Europe
2024-04-21,840.34,Asia
2022-03-07,890.08,Europe
2023-12-11,438.17,Africa
2024-04-15,863.67,Americas
2023-05-25,727.22,Europe
2024-04-12,636.59,Europe
2022-08-09,439.01,Asia
2022-02-26,702.23,Asia
2022-08-30,715.24,Americas
2024-10-21,379.46,Europe
2024-09-17,362.13,Asia
2024-11-22,370.78,Americas
2022-08-10,739.46,Europe
2023-11-01,724.58,Africa
2022-04-14,817.56,Europe
2023-11-21,886.64,Asia
2022-11-27,704.19,Americas
2024-09-11,456.19,Asia
2024-09-07,491.53,Asia
2022-02-16,500.93,Africa
2024-06-09,526.47,Europe
2022-10-21,324.74,Europe
2022-10-06,794.31,Asia
2022-07-23,329.41,Americas
2023-03-16,860.96,Americas
2023-08-04,748.36,Asia
2022-01-01,758.99,Americas
2022-04-29,705.68,Europe
2024-08-05,652.46,Americas
2022-09-12,825.45,Asia
2024-04-17,508.91,Africa
2023-06-04,481.56,Asia
2024-06-20,812.83,Europe
2024-02-26,700.01,Asia
2023-02-01,745.59,Europe
2022-04-03,315.94,Europe
2024-10-22,709.57,Africa
2023-09-02,849.0,Africa
2022-09-04,501.91,Asia
2023-09-18,552.17,Europe
2024-06-20,620.03,Africa
2022-11-29,654.43,Americas
2022-05-02,785.57,Asia
2022-01-16,815.86,Africa
2024-01-06,403.57,Americas
2024-07-18,866.9,Africa
2024-02-10,880.03,Africa
2022-10-11,534.99,Americas
2024-08-28,360.38,Africa
2022-07-24,898.04,Americas
2023-05-31,564.48,Americas
2024-03-22,762.12,Americas
2022-05-06,439.03,Africa
2024-06-25,334.06,Europe
2024-06-16,496.59,Americas
2022-06-14,340.12,Africa
2024-11-28,593.36,Africa
2024-10-26,335.24,Asia
2022-01-02,708.39,Africa
2023-05-30,721.4,Asia
2023-04-16,830.22,Asia
2022-11-19,854.98,Asia
2024-12-13,675.35,Africa
2023-02-28,381.34,Europe
2024-09-14,557.74,Africa
2022-07-04,342.58,Africa
2023-08-07,554.12,Asia
2023-04-25,669.43,Asia
2022-05-24,338.09,Asia
2022-07-11,884.25,Europe
2022-02-02,300.11,Asia
2023-10-07,821.96,Africa
2022-10-02,615.18,Africa
2023-05-05,331.51,Africa
2023-10-24,457.55,Asia
2024-05-25,757.02,Americas
2024-01-03,745.55,Americas
2022-03-03,530.02,Asia
2023-10-22,716.98,Africa
2023-04-16,739.0,Americas
2022-03-10,400.76,Asia
2023-09-30,862.08,Europe
2022-03-26,381.83,Europe
2022-02-06,497.22,Asia
2024-09-22,332.8,Americas
2024-06-28,690.67,Africa
2024-02-06,355.04,Europe
2024-07-03,384.84,Africa
2024-04-18,650.41,Europe
2023-07-12,301.24,Africa
2022-01-16,825.8,Asia
2024-06-06,304.83,Americas
2024-07-26,793.75,Europe
2022-03-09,733.72,Africa
2023-09-01,492.33,Asia
2023-10-11,605.46,Americas
2024-07-28,335.55,Americas
2023-01-05,784.64,Europe
2022-11-29,834.3,Africa
2022-12-03,613.2,Americas
2023-01-29,432.91,Africa
2024-06-29,715.98,Africa
2024-09-19,850.22,Africa
2023-09-16,804.42,Europe
2022-02-18,830.57,Europe
2024-08-17,869.97,Americas
2022-07-02,610.42,Africa
2023-02-18,681.11,Europe
2022-02-15,461.19,Africa
2024-10-09,392.3,Africa
2024-09-07,812.46,Africa
2024-09-20,320.23,Africa
2024-10-14,506.46,Asia
2023-08-28,447.64,Africa
2023-08-17,641.59,Africa
2024-05-02,820.89,Africa
2023-08-19,762.68,Asia
2024-01-11,881.84,Asia
2023-05-17,699.09,Americas
2023-04-11,508.09,Americas
2023-01-25,636.96,Asia
2024-12-13,899.05,Asia
2024-01-20,416.06,Asia
2022-05-30,532.54,Europe
2023-06-01,329.46,Europe
2023-12-07,303.23,Africa
2022-04-06,876.05,Americas
2023-07-27,478.31,Asia
2022-10-01,791.91,Asia
2023-08-26,701.07,Africa
2024-08-27,342.07,Americas
2024-11-10,627.44,Europe
2024-11-20,833.49,Africa
2022-11-05,582.15,Asia
2024-06-11,382.74,Asia
2023-05-21,409.88,Africa
2022-01-28,843.42,Africa
2023-03-15,553.4,Europe
2024-01-08,379.88,Europe
2022-03-02,375.09,Europe
2024-10-07,882.39,Americas
2022-07-11,381.17,Americas
2022-11-08,864.7,Asia
2022-04-20,528.79,Europe
2022-07-06,434.96,Asia
2024-10-29,698.74,Americas
2023-03-28,545.09,Europe
2024-08-02,770.25,Africa
2023-02-26,355.06,Americas
2024-11-09,828.63,Africa
2023-02-05,543.72,Americas
2024-04-06,713.11,Africa
2023-07-03,400.83,Americas
2024-07-30,826.31,Africa
2023-12-27,390.88,Asia
2024-08-01,514.42,Europe
2023-06-01,719.19,Europe
2022-12-04,649.41,Africa
2023-09-04,655.09,Asia
2022-01-09,370.05,Americas
2022-10-22,487.37,Europe
2024-11-19,831.91,Americas
2024-04-26,596.42,Americas
2024-12-08,548.84,Africa
2023-10-13,849.7,Africa
2022-04-13,490.19,Asia
2022-05-28,785.76,Asia
2024-08-12,393.4,Asia
2024-04-14,480.7,Asia
2023-07-12,564.76,Africa
2024-10-23,653.59,Europe
2022-05-28,385.62,Europe
2024-10-23,702.15,Africa
2024-06-28,740.56,Africa
2023-06-21,371.7,Europe
2024-07-09,745.14,Europe
2023-03-18,623.44,Europe
2022-06-21,867.12,Africa
2022-08-18,512.28,Americas
2024-10-27,313.68,Europe
2022-01-19,395.34,Africa
2024-09-07,523.15,Africa
2022-03-24,785.87,Asia
2023-05-10,436.48,Americas
2022-02-10,674.3,Europe
2023-12-27,752.99,Africa
2024-03-27,872.67,Europe
2022-12-03,786.53,Asia
2024-07-28,617.44,Asia
2022-04-19,690.21,Africa
2024-09-04,604.43,Africa
2022-10-29,513.5,Americas
2024-08-04,639.93,Africa
2024-09-08,316.18,Asia
2022-03-19,711.07,Americas
2023-10-26,418.78,Asia
2023-08-25,455.21,Americas
2024-03-27,507.78,Europe
2023-05-18,865.63,Asia
2022-06-16,707.13,Europe
2023-06-16,569.07,Europe
2023-09-03,388.6,Europe
2022-08-28,778.29,Europe
2023-05-25,330.82,Asia
2024-11-19,662.43,Americas
2022-01-08,447.7,Africa
2023-02-21,606.24,Americas
2024-03-14,630.59,Europe
2024-10-12,735.42,Europe
2023-12-30,492.98,Asia
2024-12-25,834.23,Europe
2024-08-23,757.79,Asia
2024-11-17,506.49,Asia
2024-07-08,470.91,Asia
2022-06-17,479.35,Africa
2022-11-21,560.6,Americas
2023-11-10,406.48,Americas
2022-04-28,713.0,Americas
2022-04-14,795.44,Americas
2023-09-06,636.56,Asia
2023-05-04,508.38,Europe
2023-01-31,439.29,Asia
2024-06-01,836.88,Africa
2022-02-15,652.1,Africa
2023-09-20,605.28,Americas
2024-08-11,318.26,Europe
2023-05-02,499.51,Asia
2022-09-12,359.38,Americas
2022-02-27,860.85,Americas
2023-05-13,540.0,Americas
2024-02-04,840.61,Europe
2023-01-02,843.88,Africa
2022-08-11,346.57,Europe
2022-05-17,475.86,Europe
2023-03-05,697.8,Asia
2022-10-24,559.33,Africa
2022-08-27,674.13,Africa
2022-04-26,460.24,Africa
2024-12-22,849.84,Europe
2022-07-31,722.19,Asia
2022-02-07,376.7,Asia
2022-07-05,418.59,Africa
2022-07-07,840.72,Europe
2023-06-08,897.88,Africa
2023-09-28,620.37,Americas
2022-05-01,684.35,Africa
2024-12-15,675.21,Europe
2024-01-05,311.35,Asia
2022-10-09,873.57,Africa
2023-03-11,339.78,Asia
2023-08-31,821.78,Europe
2024-03-24,594.32,Americas
2022-08-14,485.1,Europe
2022-01-24,738.76,Americas
2022-01-19,617.73,Africa
2024-01-16,607.21,Europe
2022-06-06,337.6,Asia
2024-07-11,703.74,Africa
2024-11-13,353.48,Americas
2024-03-29,767.34,Africa
2022-10-18,389.16,Europe
2024-05-11,710.62,Asia
2024-11-26,820.98,Asia
2022-01-24,889.69,Americas
2023-10-07,324.36,Americas
2024-03-20,680.45,Europe
2022-08-30,336.83,Europe
2022-01-11,416.43,Europe
2024-11-10,634.6,Asia
2023-03-29,531.73,Africa
2023-05-07,343.97,Africa
2022-08-16,883.18,Asia
2024-08-03,670.92,Africa
2024-02-04,461.5,Asia
2024-04-01,401.61,Asia
2023-04-11,749.16,Asia
2024-02-06,357.59,Americas
2022-10-12,565.16,Americas
2024-11-05,341.61,Asia
2023-04-11,498.17,Africa
2022-04-01,434.35,Asia
2023-12-11,751.36,Europe
2022-03-20,627.12,Americas
2022-03-10,778.64,Europe
2024-06-08,463.2,Africa
2023-04-14,489.13,Asia
2024-03-18,630.17,Americas
2024-08-13,759.15,Asia
2022-06-04,417.82,Europe
2024-11-11,369.84,Europe
2022-06-11,398.78,Europe
2023-03-23,463.59,Africa
2022-07-11,543.41,Asia
2022-05-15,608.67,Europe
2022-10-17,348.45,Asia
2024-04-18,457.83,Africa
2024-05-25,352.51,Africa
2023-05-02,308.57,Asia
2022-03-01,414.92,Europe
2022-05-29,575.9,Africa
2024-01-05,315.12,Africa
2023-03-25,397.4,Europe
2024-05-05,729.89,Africa
2023-11-25,703.85,Asia
2024-11-22,430.21,Americas
2024-10-28,338.24,Europe
2022-01-20,703.59,Asia
2024-08-25,792.61,Asia
2022-07-17,304.7,Africa
2024-07-18,636.4,Asia
2024-01-15,790.46,Americas
2024-07-02,612.23,Asia
2022-06-29,405.49,Asia
2024-05-21,495.6,Europe
2022-04-29,344.93,Africa
2024-02-17,649.54,Europe
2022-02-26,523.11,Africa
2022-12-30,352.55,Asia
2023-08-13,499.1,Europe
2023-03-07,811.37,Europe
2022-12-09,700.98,Europe
2024-08-27,324.58,Asia
2022-05-26,552.73,Africa
2022-05-06,746.84,Americas
2024-07-26,569.21,Asia
2022-11-10,377.5,Asia
2023-12-13,889.11,Africa
2023-05-07,659.17,Africa
2024-06-04,721.06,Africa
2024-01-18,730.15,Africa
2023-05-29,538.49,Europe
2022-07-24,581.21,Americas
2024-12-06,373.6,Americas
2022-07-08,718.29,Americas
2022-06-19,605.29,Americas
2022-07-24,650.44,Africa
2023-01-05,557.89,Europe
2022-06-13,423.99,Europe
2022-09-21,670.77,Americas
2023-05-21,319.18,Asia
2022-08-20,746.29,Europe
2024-05-06,350.93,Europe
2022-07-17,523.13,Africa
2023-01-16,547.82,Asia
2022-02-07,717.5,Asia
2022-04-12,880.85,Europe
2023-12-21,893.06,Americas
2024-01-05,850.12,Asia
2022-09-03,431.41,Americas
2024-07-28,848.24,Asia
2024-03-23,715.89,Americas
2022-11-07,473.7,Africa
2023-05-25,350.29,Asia
2024-12-04,322.38,Africa
2022-07-31,811.02,Asia
2023-09-09,792.26,Americas
2022-03-16,656.22,Asia
2022-06-05,564.4,Asia
2024-06-25,498.64,Africa
2023-01-29,734.52,Africa
2024-01-17,505.8,Americas
2022-12-20,871.75,Europe
2023-06-10,801.81,Americas
2022-10-27,891.48,Europe
2022-06-02,604.68,Africa
2023-11-25,394.38,Africa
2023-11-29,728.23,Europe
2023-11-21,716.93,Europe
2022-08-12,832.43,Europe
2022-06-19,535.08,Europe
2024-05-20,784.11,Africa
2024-11-05,854.16,Asia
2024-09-16,695.96,Europe
2022-03-23,891.49,Americas
2022-06-22,693.71,Africa
2022-07-19,403.5,Asia
2022-11-01,858.81,Americas
2023-04-27,755.52,Africa
2023-07-16,562.83,Americas
2022-08-14,503.73,Europe
2023-01-26,419.44,Africa
2024-07-10,608.45,Americas
2022-04-28,862.75,Americas
2022-06-22,409.54,Africa
2023-05-03,862.42,Africa
2024-05-08,755.66,Europe
2024-04-20,556.52,Americas
2024-12-25,545.92,Americas
2023-06-23,307.03,Africa
2024-02-09,750.89,Asia
2023-12-30,384.07,Americas
2024-04-26,347.41,Americas
2023-02-13,647.92,Africa
2024-08-24,515.99,Europe
2024-08-26,746.81,Americas
2023-08-22,315.11,Africa
2024-03-03,677.74,Asia
2024-04-15,844.16,Africa
2023-01-25,562.17,Europe
2022-05-26,664.69,Europe
2024-09-02,813.62,Americas
2024-08-26,652.32,Asia
2023-03-05,572.91,Africa
2023-06-06,750.2,Americas
2023-07-17,539.03,Americas
2023-08-06,547.52,Asia
2023-03-18,432.43,Americas
2022-05-15,566.3,Americas
2023-12-25,654.59,Africa
2024-09-24,806.27,Europe
2024-03-29,624.63,Europe
2022-10-03,304.85,Africa
2023-07-04,884.71,Asia
2023-09-11,506.08,Americas
2024-04-18,744.65,Asia
2022-06-26,568.84,Africa
2024-04-23,826.37,Europe
2022-03-15,500.74,Americas
2023-08-27,569.06,Africa
2022-11-30,459.28,Europe
2023-09-06,532.89,Africa
2023-03-23,520.78,Americas
2024-06-01,377.94,Americas
2022-08-18,783.76,Africa
2023-07-27,505.86,Americas
2024-02-03,807.51,Africa
2022-08-05,380.38,Europe
2022-07-13,566.71,Europe
2023-12-04,673.09,Americas
2024-08-12,697.33,Europe
2022-03-06,620.02,Africa
2022-01-07,502.59,Asia
2024-04-11,598.04,Africa
2023-01-27,710.92,Asia
2024-08-26,880.61,Americas
2023-11-13,813.21,Europe
2024-04-15,741.7,Americas
2024-04-21,514.71,Africa
2022-08-20,821.36,Europe
2022-01-12,630.94,Asia
2022-05-07,798.64,Americas
2024-01-07,404.91,Asia
2023-12-25,580.58,Africa
2024-10-13,353.04,Europe
2023-12-06,817.15,Europe
2022-02-03,357.35,Asia
2022-12-01,422.59,Africa
2023-09-22,321.23,Africa
2022-06-27,423.51,Americas
2024-10-20,827.04,Asia
2023-07-18,899.46,Africa
2023-10-09,447.17,Europe
2022-03-05,723.65,Asia
2022-06-19,570.47,Asia
2022-10-31,485.51,Asia
2023-07-15,705.47,Asia
2022-12-03,570.4,Americas
2024-01-22,598.01,Africa
2023-04-19,796.94,Americas
2022-01-06,511.8,Asia
2024-02-18,334.52,Europe
2024-12-28,899.31,Africa
2022-11-25,320.96,Americas
2024-03-10,880.9,Africa
2023-02-22,612.64,Americas
2022-02-23,543.06,Asia
2023-08-17,545.61,Americas
2023-10-30,841.7,Americas
2024-07-15,814.65,Americas
2024-02-26,462.71,Africa
2024-08-30,354.83,Asia
2023-09-19,886.85,Asia
2024-01-27,336.1,Europe
2023-12-08,382.35,Americas
2024-11-22,887.61,Asia
2023-05-21,389.34,Africa
2022-09-05,432.03,Americas
2022-06-07,334.92,Africa
2024-08-01,491.76,Americas
2022-07-05,486.66,Americas
2024-01-22,550.2,Africa
2024-01-28,775.2,Americas
2022-01-03,785.0,Europe
2023-08-01,808.92,Africa
2022-05-04,850.09,Asia
2024-10-24,627.43,Europe
2024-12-13,408.21,Africa
2022-12-24,406.78,Africa
2023-04-08,338.48,Asia
2024-08-18,836.09,Africa
2023-06-01,386.25,Europe
2022-05-12,339.86,Asia
2023-08-18,581.43,Europe
2022-02-03,475.36,Asia
2022-03-03,539.95,Asia
2022-04-18,879.25,Asia
2024-05-22,556.38,Americas
2024-04-07,867.08,Europe
2024-05-24,832.96,Europe
2024-06-23,497.69,Asia
2023-04-04,302.9,Africa
2022-12-12,311.13,Europe
2024-05-14,737.28,Asia
2024-11-24,340.61,Americas
2024-05-16,630.89,Americas
2023-03-02,783.23,Europe
2023-12-08,728.78,Americas
2023-02-21,472.09,Africa
2022-07-26,620.51,Europe
2023-02-06,878.25,Africa
2022-10-17,556.18,Americas
2022-08-25,316.69,Americas
2024-03-09,548.91,Americas
2024-01-18,669.2,Asia
2023-03-14,618.02,Americas
2023-04-01,814.49,Europe
2023-12-18,441.08,Europe
2022-06-30,728.46,Americas
2022-12-16,642.04,Americas
2023-12-26,836.42,Europe
2024-11-04,358.74,Europe
2022-11-23,778.69,Americas
2022-08-03,569.16,Americas
2024-01-12,853.45,Africa
2024-08-03,672.26,Europe
2023-06-12,435.88,Asia
2024-11-12,527.05,Americas
2024-08-05,786.73,Americas
2022-10-17,545.41,Africa
2024-12-14,673.98,Africa
2023-11-01,848.68,Asia
2022-11-05,450.99,Americas
2024-05-31,810.48,Americas
2024-02-29,824.1,Africa
2022-01-30,399.96,Africa
2023-02-16,731.88,Europe
2023-03-22,358.59,Europe
2024-10-13,440.21,Africa
2023-10-16,692.94,Africa
2024-02-04,491.62,Americas
2022-01-08,784.55,Asia
2022-10-15,893.22,Americas
2022-03-26,624.72,Asia
2024-05-13,698.79,Africa
2024-06-24,537.59,Europe
2024-01-31,310.56,Africa
2022-02-13,607.3,Africa
2023-07-23,423.7,Europe
2024-12-25,702.75,Asia
2022-08-10,549.37,Africa
2022-10-11,613.51,Asia
2023-04-05,864.13,Africa
2024-11-12,870.01,Asia
2022-09-21,631.69,Africa
2023-05-10,786.97,Europe
2022-02-12,522.34,Europe
2022-06-06,873.5,Asia
2024-01-04,692.24,Africa
2024-11-14,784.86,Asia
2022-03-14,851.64,Africa
2024-12-24,552.24,Africa
2024-01-31,554.41,Europe
2023-11-20,672.61,Americas
2022-03-24,799.5,Asia
2024-02-02,704.06,Asia
2023-03-31,508.64,Europe
2023-10-21,385.31,Asia
2022-06-08,566.19,Africa
2023-07-10,733.72,Europe
2023-05-22,341.7,Asia
2023-11-26,549.9,Africa
2024-11-09,329.12,Africa
2022-05-16,562.04,Americas
2022-06-06,573.7,Africa
2022-08-14,641.77,Europe
2023-12-23,507.0,Americas
2024-12-30,760.63,Europe
2023-11-14,616.74,Europe
2023-01-28,480.07,Europe
2023-07-09,897.62,Asia
2024-01-28,825.58,Europe
2023-09-14,617.52,Asia
2022-02-25,788.92,Africa
2023-07-10,300.38,Africa
2023-12-13,568.54,Americas
2024-03-27,523.54,Americas
2023-06-19,790.23,Asia
2022-09-03,353.17,Asia
2022-01-08,438.14,Europe
2023-01-03,565.45,Americas
2022-04-09,504.2,Asia
2024-09-28,368.03,Europe
2022-12-03,353.28,Europe
2023-01-10,441.77,Americas
2024-09-17,369.63,Europe
2023-01-06,512.69,Americas
2022-03-30,876.74,Asia
2022-02-11,350.07,Europe
2022-06-15,700.41,Americas
2024-09-25,691.08,Africa
2023-09-01,730.85,Americas
2024-03-29,885.82,Africa
2023-09-18,676.17,Asia
2023-05-04,520.54,Americas
2022-03-20,735.17,Americas
2023-04-09,647.62,Americas
2024-09-03,764.67,Europe
2023-03-28,816.04,Asia
2024-09-01,354.43,Americas
2023-06-19,527.18,Europe
2022-03-26,722.6,Africa
2023-04-11,340.47,Americas
2022-02-09,391.7,Africa
2023-03-22,864.04,Africa
2023-03-12,707.01,Africa
2023-08-11,465.22,Americas
2023-04-14,765.99,Europe
2023-09-28,478.55,Europe
2023-05-08,660.06,Americas
2024-10-04,565.04,Europe
2024-06-23,804.88,Americas
2023-04-25,421.36,Europe
2024-04-08,547.95,Americas
2024-07-24,888.94,Europe
2022-12-30,365.03,Africa
2023-08-27,726.72,Americas
2022-06-13,814.51,Americas
2022-03-27,554.55,Americas
2024-02-18,628.24,Africa
2024-12-22,421.12,Africa
2023-06-15,803.46,Africa
2024-05-11,703.4,Americas
2024-02-02,538.68,Europe
2023-03-14,657.55,Americas
2024-05-25,792.42,Americas
2023-11-26,572.32,Africa
2024-09-06,785.03,Americas
2024-05-04,657.84,Europe
2022-08-29,585.56,Asia
2024-11-05,829.07,Europe
2024-02-21,307.38,Asia
2023-07-06,882.1,Europe
2023-08-28,676.71,Americas
2023-07-27,531.53,Africa
2022-05-23,468.99,Asia
2024-07-30,772.24,Africa
2022-09-27,379.01,Asia
2024-11-25,463.6,Europe
2024-12-22,802.42,Europe
2022-11-16,634.44,Americas
2022-03-09,364.31,Asia
2024-08-19,531.35,Americas
2023-04-17,529.14,Asia
2022-07-05,303.87,Europe
2022-05-13,779.49,Africa
2022-10-17,787.7,Asia
2024-11-01,847.14,Asia
2023-07-01,448.99,Asia
2023-09-03,376.43,Asia
2022-09-15,450.09,Americas
2022-06-03,340.1,Europe
2023-06-22,403.16,Americas
2022-09-27,341.19,Americas
2022-06-28,831.85,Europe
2023-02-09,362.65,Africa
2022-04-15,862.46,Asia
2023-03-21,478.9,Europe
2022-03-23,706.39,Africa
2024-09-02,467.04,Africa
2024-06-21,610.95,Europe
2022-09-20,427.4,Europe
2024-08-22,447.7,Americas
2022-10-29,614.21,Europe
2023-01-12,842.8,Europe
2023-09-22,479.33,Americas
2024-02-26,677.44,Europe
2022-12-26,734.82,Africa
2024-02-26,613.45,Africa
2024-09-05,624.91,Americas
2024-03-26,376.66,Americas
2022-04-19,415.47,Americas
2022-12-11,575.46,Europe
2024-11-03,709.3,Asia
2023-08-30,342.0,Americas
2024-09-13,431.47,Americas
2024-08-10,428.02,Africa
2023-03-12,878.89,Africa
2022-12-22,308.77,Africa
2023-12-07,812.38,Asia
2023-04-13,321.22,Europe
2023-10-01,730.95,Europe
2023-10-02,871.33,Americas
2022-06-29,376.52,Asia
2022-07-05,711.38,Europe
2022-08-03,449.64,Americas
2023-07-23,346.65,Europe
2023-02-22,443.23,Americas
2024-03-07,355.77,Asia
2024-03-14,404.01,Africa
2023-03-11,680.11,Africa
2023-09-08,699.09,Europe
2024-07-02,437.2,Americas
2023-01-07,600.01,Africa
2022-07-27,455.19,Europe
2024-05-25,453.54,Asia
2023-03-16,582.58,Americas
2023-12-21,828.17,Africa
2023-01-11,878.47,Asia
2023-10-24,898.51,Africa
2024-08-09,883.38,Europe
2022-03-03,420.74,Asia
2024-10-28,512.9,Africa
2024-06-10,843.94,Americas
2022-04-20,458.63,Africa
2022-10-18,667.45,Asia
2022-03-11,396.89,Americas
2022-06-05,795.72,Europe
2022-05-17,798.99,Europe
2022-10-20,770.75,Africa
2023-10-15,441.5,Asia
2023-12-31,711.87,Americas
2022-06-30,606.64,Africa
2022-03-19,344.93,Africa
2023-09-23,389.37,Africa
2024-09-16,792.77,Europe
2022-09-12,645.06,Americas
2022-03-31,660.77,Africa
2023-03-05,576.58,Asia
2022-02-15,339.97,Americas
2024-01-28,732.0,Asia
2022-12-14,814.64,Africa
2023-09-06,577.97,Africa
2023-03-16,602.11,Europe
2024-12-12,620.93,Europe
2023-03-05,862.96,Europe
2024-07-23,511.06,Americas
2024-10-09,315.67,Africa
2022-05-25,448.06,Europe
2023-08-23,464.58,Asia
2023-07-04,318.94,Africa
2023-06-13,883.3,Europe
2024-04-05,661.23,Africa
2024-02-03,445.36,Asia
2024-04-14,830.42,Americas
2023-01-07,575.91,Europe
2024-06-28,751.63,Europe
2024-04-03,471.89,Americas
2022-07-16,385.88,Africa
2022-11-06,651.7,Europe
2022-09-28,686.56,Africa
2022-03-20,506.56,Africa
2024-11-12,839.43,Asia
2022-10-31,804.97,Americas
2024-06-10,585.71,Americas
2022-07-01,533.09,Europe
2024-05-07,879.96,Africa
2023-09-01,537.17,Americas
2023-12-14,560.85,Africa
2023-10-29,717.37,Americas
2022-02-26,898.22,Americas
2022-07-02,810.76,Europe
2024-12-27,416.35,Asia
2022-04-26,582.62,Europe
2023-04-10,715.91,Europe
2023-07-27,708.54,Africa
2023-08-05,625.25,Africa
2024-01-30,693.16,Americas
2024-10-15,652.08,Asia
2023-01-22,779.72,Americas
2022-04-03,525.94,Africa
2023-06-23,323.73,Americas
2022-02-01,388.07,Asia
2023-05-06,323.79,Europe
2024-10-21,439.39,Europe
2024-07-20,399.12,Americas
2023-07-16,616.66,Africa
2023-07-17,653.95,Europe
2022-08-22,686.11,Europe
2024-03-31,880.32,Africa
2023-07-27,799.53,Asia
2022-01-27,346.77,Europe
2022-01-15,331.99,Europe
2023-04-12,708.98,Asia
2023-06-11,624.92,Europe
2024-12-27,481.79,Europe
2024-02-25,807.49,Asia
2023-01-19,757.02,Europe
2024-08-15,322.31,Africa
2023-10-01,565.62,Americas
2024-09-16,324.77,Asia
2022-09-16,389.99,Africa
2024-03-23,464.53,Asia
2022-08-23,360.81,Africa
2024-07-09,390.37,Asia
2023-12-01,621.9,Europe
2023-11-03,672.28,Asia
2023-10-08,775.58,Africa
2022-12-31,685.94,Europe
2022-01-20,363.25,Africa
2023-12-29,740.15,Europe
2023-10-23,730.59,Europe
2024-02-15,878.25,Americas
2023-07-06,778.65,Asia
2022-02-27,485.49,Europe
2023-07-25,534.73,Americas
2022-01-12,319.56,Americas
2024-07-09,654.72,Africa
2024-03-19,535.42,Africa
2024-10-14,843.43,Europe
2022-02-07,460.1,Asia
2022-08-26,409.54,Africa
2024-04-29,441.53,Asia
2024-03-19,378.65,Africa
2022-01-27,473.3,Asia
2023-06-09,311.18,Africa
2024-06-14,524.4,Americas
2022-05-09,568.08,Americas
2023-12-15,713.55,Europe
2024-08-28,706.24,Africa
2024-01-24,315.13,Europe
2022-04-30,891.39,Asia
2022-02-15,878.86,Africa
2023-10-03,370.07,Americas
2024-02-12,655.7,Africa
2024-11-07,328.36,Americas
2024-02-16,378.02,Africa
2023-06-26,308.73,Americas
2024-10-25,608.72,Africa
2022-07-25,668.0,Africa
2023-02-16,864.13,Europe
2022-04-05,432.3,Americas
2023-07-02,755.09,Europe
2022-08-31,573.8,Asia
2024-09-28,400.91,Asia
2023-10-03,838.42,Africa
2024-02-12,556.09,Africa
2023-03-17,809.73,Americas
2022-10-31,732.04,Africa
2023-09-07,794.77,Africa
2023-06-25,517.66,Europe
2022-08-02,588.3,Americas
2022-07-05,332.87,Asia
2023-01-22,735.18,Europe
2024-05-28,432.84,Americas
2024-09-25,525.05,Africa
2022-11-29,540.11,Europe
2023-02-01,620.83,Americas
2022-02-12,780.04,Asia
2022-09-01,552.48,Americas
2022-11-29,653.18,Europe
2023-12-08,866.25,Europe
2022-01-25,434.57,Americas
2023-09-03,670.83,Europe
2024-07-01,401.28,Americas
2023-03-22,634.35,Asia
2022-03-11,816.64,Africa
2024-08-30,303.01,Asia
2024-09-15,646.77,Americas
2024-03-25,760.52,Americas
2024-08-27,556.17,Asia
2023-07-11,320.26,Americas
2023-12-17,507.9,Americas
2023-08-27,391.78,Europe
2023-02-07,604.08,Americas
2023-09-03,871.05,Africa
2024-11-29,331.15,Asia
2024-12-23,321.89,Europe
2024-09-29,383.81,Europe
2023-01-20,360.77,Africa
2022-12-05,558.31,Europe
2024-04-04,533.3,Europe
2023-08-22,759.9,Europe
2024-04-08,568.12,Europe
2023-11-25,476.96,Asia
2022-05-16,641.0,Africa
2023-02-19,441.52,Africa
2024-02-26,575.38,Americas
2022-03-12,300.0,Americas
2023-07-16,654.19,Europe
2022-06-02,878.95,Europe
2023-05-12,538.04,Africa
2023-03-28,718.5,Europe
2023-03-05,785.24,Americas
2024-03-14,767.76,Africa
2024-08-31,683.66,Europe
2024-11-27,553.77,Asia
2022-09-09,373.87,Asia
2023-02-10,339.45,Europe
2024-11-27,300.41,Europe
2024-10-05,713.32,Europe
2024-06-18,588.13,Europe
2022-03-26,324.26,Asia
2023-10-03,720.34,Europe
2024-04-13,889.95,Asia
2022-04-28,709.17,Africa
2024-06-23,870.75,Americas
2023-07-28,632.75,Asia
2022-12-18,472.8,Europe
2022-05-19,670.87,Americas
2023-06-30,438.11,Africa
2023-07-31,683.0,Europe
2023-11-26,763.44,Europe
2024-09-13,586.23,Americas
2024-09-30,599.86,Americas
2023-05-30,811.66,Africa
2022-06-24,384.52,Americas
2023-02-17,469.93,Europe
2023-06-15,863.73,Americas
2022-05-14,631.24,Europe
2023-04-19,561.45,Europe
2022-07-20,803.41,Asia
2024-11-26,586.37,Africa
2022-10-04,517.17,Africa
2024-07-13,814.43,Asia
2023-07-28,618.02,Asia
2023-01-28,640.38,Europe
2022-01-06,377.83,Asia
2022-05-09,654.42,Africa
2024-09-26,454.49,Asia
2022-06-22,548.73,Africa
2024-03-21,340.41,Europe
2022-01-10,708.24,Africa
2022-10-09,851.72,Asia
2022-05-10,332.73,Africa
2022-03-11,549.08,Americas
2023-06-25,656.77,Africa
2022-09-02,531.93,Americas
2023-01-31,307.06,Africa
2024-12-04,700.28,Europe
2022-08-12,762.18,Asia
2024-04-09,855.01,Europe
2022-08-07,452.69,Europe
2023-09-04,686.85,Africa
2022-11-20,830.56,Africa
2024-09-29,651.2,Europe
2023-01-28,678.44,Americas
2023-01-05,788.53,Europe
2024-01-14,751.54,Europe
2022-08-14,450.71,Americas
2023-01-29,604.99,Europe
2024-11-28,502.24,Americas
2023-09-13,363.99,Europe
2022-12-07,879.32,Africa
2022-03-25,793.88,Asia
2024-06-06,312.13,Africa
2024-02-26,739.55,Americas
2023-01-04,624.07,Africa
2023-06-01,759.24,Europe
2024-03-02,838.04,Asia
2023-01-04,896.24,Americas
2024-01-17,843.47,Africa
2022-01-13,569.79,Americas
2023-01-26,355.15,Asia
2023-07-08,346.99,Europe
2024-09-26,395.82,Africa
2022-06-06,846.63,Asia
2022-11-15,485.58,Americas
2022-08-14,798.97,Africa
2022-12-14,685.54,Asia
2024-04-10,636.05,Africa
2024-09-17,688.55,Europe
2023-01-05,580.06,Africa
2024-11-18,836.38,Africa
2024-01-07,506.21,Africa
2024-06-09,781.14,Europe
2023-02-08,557.31,Europe
2022-11-30,855.6,Americas
2023-08-05,749.76,Asia
2023-03-08,445.51,Asia
2024-12-24,459.12,Africa
2022-09-06,584.59,Europe
2023-12-11,861.28,Europe
2024-08-07,335.67,Asia
2022-09-03,542.16,Africa
2022-08-09,463.28,Africa
2023-05-29,358.19,Americas
2022-02-18,808.47,Asia
2023-03-29,302.56,Americas
2023-07-21,434.73,Americas
2023-01-16,847.7,Europe
2024-04-03,603.58,Africa
2023-07-24,575.9,Africa
2023-11-12,359.07,Africa
2024-07-17,360.46,Americas
2023-06-16,421.0,Africa
2022-07-01,345.99,Americas
2023-03-07,340.13,Europe
2022-12-09,884.85,Asia
2022-11-02,405.6,Europe
2023-09-22,576.2,Africa
2024-11-26,583.59,Asia
2024-09-23,505.17,Asia
2024-04-08,372.25,Asia
2024-03-10,612.23,Asia
2024-10-20,759.13,Africa
2023-05-10,740.61,Asia
2024-06-09,389.32,Africa
2024-02-19,573.16,Africa
2023-10-22,746.38,Asia
2022-04-07,534.08,Asia
2022-01-31,642.82,Europe
2024-07-19,418.46,Americas
2024-02-15,501.5,Asia
2024-10-20,386.97,Americas
2022-06-09,762.54,Americas
2024-02-09,674.57,Europe
2024-11-11,620.24,Asia
2024-10-19,603.32,Americas
2023-11-07,317.73,Americas
2024-11-17,865.35,Africa
2023-08-10,686.48,Europe
2022-02-14,659.43,Asia
2022-04-17,798.59,Americas
2024-02-09,833.0,Americas
2024-07-08,758.15,Europe
2023-01-08,896.81,Asia
2023-07-15,818.42,Europe
2022-03-01,314.59,Africa
2022-06-27,556.77,Europe
2022-04-11,382.5,Asia
2024-12-04,465.71,Europe
2024-08-11,431.95,Europe
2023-07-19,328.09,Africa
2024-09-06,475.56,Europe
2024-09-25,521.42,Europe
2024-03-04,499.41,Europe
2023-08-05,539.23,Europe
2023-09-16,386.25,Americas
2023-02-05,739.05,Asia
2024-08-19,850.23,Europe
2024-05-28,413.69,Asia
2022-03-29,720.14,Europe
2024-10-24,320.15,Africa
2022-09-27,896.33,Asia
2022-04-29,313.18,Africa
2023-11-12,527.74,Asia
2023-05-18,431.52,Europe
2023-06-24,472.4,Africa
2024-08-16,656.49,Africa
2023-01-28,458.35,Africa
2024-09-07,304.5,Europe
2022-04-12,470.63,Europe
2024-10-03,818.51,Americas
2023-06-28,375.56,Africa
2022-05-26,345.62,Europe
2022-09-24,612.57,Africa
2024-03-19,325.49,Asia
2022-02-10,508.17,Asia
2024-11-15,838.05,Africa
2024-02-14,665.85,Africa
2023-09-17,892.82,Europe
2024-01-28,460.63,Americas
2022-07-09,896.03,Europe
2024-05-23,503.78,Africa
2024-10-20,449.74,Europe
2023-08-05,505.49,Americas
2023-02-08,583.85,Europe
2023-05-07,774.94,Africa
2024-02-05,891.18,Europe
2023-05-31,813.84,Europe
2022-05-10,407.25,Europe
2024-09-11,747.73,Asia
2022-09-15,386.87,Americas
2024-09-18,562.81,Europe
2023-01-12,691.01,Americas
2024-03-29,518.74,Americas
2022-01-16,804.88,Europe
2022-01-08,565.63,Europe
2022-06-29,352.96,Asia
2024-09-06,501.09,Americas
2022-01-26,753.51,Asia
2024-05-30,781.48,Africa
2022-08-08,766.23,Africa
2023-07-28,345.76,Americas
2024-02-20,647.64,Africa
2024-04-13,488.0,Americas
2023-06-16,385.66,Africa
2022-02-22,422.11,Asia
2023-03-03,624.6,Europe
2024-05-19,749.47,Europe
2022-04-11,505.26,Europe
2023-07-18,850.86,Africa
2022-09-13,382.84,Americas
2023-10-02,425.76,Asia
2024-02-04,344.9,Asia
2023-09-29,881.63,Americas
2023-11-10,505.16,Africa
2024-07-19,616.0,Asia
2023-03-15,845.03,Asia
2024-05-17,445.33,Asia
2024-02-06,828.02,Asia
2023-08-22,795.14,Africa
2022-11-14,488.03,Asia
2023-01-10,869.96,Americas
2024-11-06,657.73,Americas
2024-07-20,328.56,Americas
2022-01-21,417.98,Europe
2023-10-12,336.98,Asia
2022-08-23,688.0,Europe
2023-04-02,302.89,Europe
2022-07-10,470.83,Asia
2022-07-23,329.96,Asia
2022-02-13,843.73,Asia
2024-01-17,322.72,Americas
2024-07-28,874.01,Europe
2023-02-09,547.36,Africa
2024-08-20,337.2,Africa
2023-04-30,635.4,Asia
2023-11-07,783.01,Asia
2024-02-28,407.73,Americas
2023-09-20,498.99,Asia
2024-03-10,768.03,Europe
2023-07-26,557.68,Asia
2023-09-21,771.25,Asia
2024-04-22,454.05,Americas
2023-10-15,844.72,Asia
2023-01-27,750.25,Europe
2024-04-19,394.49,Africa
2024-06-17,647.14,Africa
2023-07-03,640.51,Europe
2024-08-11,883.42,Europe
2023-03-25,819.21,Africa
2022-01-22,643.67,Africa
2024-06-24,574.04,Asia
2024-08-21,594.94,Asia
2024-12-20,688.35,Asia
2023-01-29,506.27,Asia
2022-11-04,742.27,Asia
2022-07-25,595.36,Africa
2024-05-07,740.16,Americas
2023-09-15,745.29,Asia
2023-06-27,522.08,Americas
2022-09-30,769.33,Europe
2024-02-12,656.05,Africa
2024-06-25,557.79,Asia
2024-08-03,565.88,Asia
2022-11-19,310.46,Europe
2022-04-07,639.91,Africa
2023-01-20,658.73,Europe
2023-12-24,762.05,Africa
2022-02-11,468.89,Europe
2024-09-01,576.26,Africa
2023-10-11,842.38,Americas
2023-11-05,623.76,Americas
2022-03-07,386.98,Asia
2022-12-23,848.73,Asia
2024-09-17,666.94,Europe
2024-01-31,549.38,Africa
2024-10-26,433.27,Europe
2023-01-29,830.0,Americas
2024-06-05,689.2,Europe
2023-09-30,317.35,Europe
2022-08-27,454.75,Europe
2022-06-10,777.5,Americas
2024-01-07,869.09,Americas
2024-09-16,840.97,Asia
2023-02-15,734.78,Africa
2023-08-31,832.67,Asia
2022-04-30,331.95,Africa
2023-03-08,484.18,Africa
2023-12-03,477.24,Europe
2024-05-29,444.34,Africa
2023-12-22,616.07,Africa
2024-07-13,661.67,Asia
2022-09-05,493.04,Americas
2022-09-11,452.47,Africa
2024-11-04,773.54,Europe
2022-11-26,705.02,Africa
2022-04-27,438.59,Africa
2024-04-28,890.24,Africa
2022-02-04,620.48,Americas
2024-12-23,551.96,Americas
2022-10-11,817.54,Americas
2024-05-24,357.56,Europe
2024-01-07,622.18,Africa
2023-06-08,411.62,Europe
2024-03-23,320.83,Asia
2022-06-14,461.22,Africa
2023-11-20,799.19,Americas
2023-01-20,762.84,Africa
2023-04-21,561.76,Asia
2022-07-19,668.59,Africa
2022-04-11,472.95,Europe
2024-10-16,321.29,Africa
2022-03-10,795.09,Europe
2023-06-28,708.53,Europe
2022-05-02,583.04,Europe
2023-02-06,776.39,Americas
2022-06-25,711.43,Europe
2022-07-08,675.07,Americas
2024-11-01,808.85,Africa
2022-09-28,407.67,Europe
2023-02-02,758.68,Europe
2022-03-26,429.3,Asia
2024-04-08,840.7,Asia
2024-07-04,395.84,Europe
2024-11-16,547.59,Africa
2023-04-07,615.4,Asia
2023-01-29,733.79,Americas
2024-08-03,880.78,Americas
2024-09-06,620.07,Africa
2024-09-14,684.69,Europe
2024-12-03,867.11,Americas
2024-01-08,455.8,Europe
2022-11-07,378.11,Asia
2022-12-23,597.58,Africa
2022-12-18,462.22,Europe
2024-11-15,839.02,Asia
2022-04-03,465.44,Europe
2022-12-04,885.04,Asia
2023-01-13,435.67,Asia
2023-03-30,422.07,Africa
2024-04-02,828.58,Europe
2023-10-12,347.92,Africa
2023-08-18,878.84,Americas
2022-04-10,633.48,Americas
2023-07-20,437.91,Europe
2023-03-11,369.93,Europe
2024-10-24,849.29,Americas
2024-12-16,567.18,Europe
2023-03-06,792.42,Europe
2022-05-02,788.0,Africa
2022-09-21,342.12,Americas
2023-08-19,330.11,Europe
2024-06-14,470.0,Americas
2023-04-07,351.53,Americas
2023-08-03,619.28,Asia
2022-02-08,572.06,Africa
2022-03-27,443.76,Africa
2022-05-03,880.88,Europe
2022-03-01,856.67,Asia
2022-08-29,825.79,Europe
2024-11-12,490.7,Americas
2024-11-01,689.43,Africa
2024-12-24,658.83,Americas
2022-10-07,689.37,Africa
2022-12-28,574.84,Europe
2022-01-27,808.01,Europe
2024-09-12,429.5,Americas
2023-12-23,451.33,Africa
2024-03-28,427.44,Africa
2023-09-16,755.72,Europe
2023-01-08,420.8,Asia
2023-02-07,882.35,Europe
2023-07-19,857.13,Europe
2024-04-27,865.79,Americas
2023-06-28,532.12,Europe
2022-10-31,346.78,Europe
2022-09-29,344.02,Americas
2022-07-22,387.98,Africa
2022-01-04,498.1,Americas
2022-01-31,669.66,Asia
2024-04-22,569.26,Africa
2024-01-18,310.53,Africa
2024-08-28,841.06,Americas
2022-04-03,899.5,Americas
2024-06-11,404.98,Europe
2022-04-23,395.71,Europe
2022-06-22,696.16,Africa
2022-04-05,810.31,Africa
2024-10-07,537.46,Europe
2024-07-26,325.65,Americas
2022-03-03,310.79,Asia
2022-03-13,528.88,Americas
2023-01-10,415.52,Americas
2023-04-18,859.87,Africa
2024-05-11,559.17,Americas
2024-07-10,853.91,Europe
2023-02-20,838.77,Europe
2023-07-25,682.85,Europe
2024-04-17,460.82,Europe
2024-04-01,873.85,Europe
2024-03-26,768.67,Europe
2023-02-05,396.79,Africa
2023-04-27,821.27,Asia
2023-01-05,334.53,Africa
2022-01-24,658.82,Africa
2024-02-23,316.86,Europe
2023-12-28,414.08,Europe
2024-03-12,359.43,Americas
2022-09-25,504.27,Africa
2023-10-08,877.49,Americas
2022-06-28,417.23,Asia
2022-05-23,663.8,Americas
2023-10-24,440.91,Europe
2022-02-19,300.34,Americas
2022-07-03,354.17,Africa
2022-05-19,450.79,Americas
2024-08-26,851.02,Asia
2022-09-21,850.29,Europe
2024-06-25,743.63,Africa
2022-10-16,733.33,Americas
2024-01-20,681.88,Europe
2024-06-09,468.12,Europe
2022-10-08,415.55,Europe
2022-12-07,867.94,Asia
2024-11-30,486.99,Americas
2022-02-13,406.65,Europe
2023-09-03,778.39,Africa
2023-05-25,791.24,Americas
2022-02-17,524.04,Americas
2023-12-17,572.04,Europe
2023-03-08,405.03,Africa
2023-12-14,540.22,Asia
2024-06-18,395.37,Africa
2023-09-01,691.09,Asia
2022-09-24,498.61,Asia
2023-02-03,799.63,Americas
2022-01-11,797.49,Americas
2022-02-02,804.29,Africa
2022-05-01,845.17,Europe
2022-10-18,701.07,Americas
2022-03-22,684.53,Americas
2023-01-04,434.86,Asia
2024-07-11,748.12,Europe
2024-01-20,712.88,Asia
2024-05-20,811.21,Americas
2024-12-30,689.63,Asia
2023-07-23,464.45,Europe
2024-10-08,383.22,Africa
2023-02-14,306.47,Europe
2023-07-16,842.41,Americas
2022-05-29,648.07,Americas
2024-06-13,506.46,Asia
2024-05-07,359.16,Americas
2022-12-12,681.88,Africa
2022-02-28,306.72,Europe
2022-11-18,848.56,Americas
2024-05-13,831.86,Europe
2022-03-13,705.93,Asia
2022-06-08,625.8,Americas
2023-04-04,750.76,Europe
2023-11-09,474.3,Americas
2022-06-17,727.37,Asia
2024-01-26,575.99,Africa
2024-01-28,689.6,Americas
2023-04-02,677.44,Africa
2023-08-14,728.98,Asia
2022-06-14,397.12,Americas
2023-02-22,543.21,Americas
2023-07-03,685.08,Americas
2023-10-27,582.54,Africa
2022-01-19,772.46,Asia
2023-08-28,752.74,Africa
2022-03-20,584.67,Asia
2024-09-24,458.99,Americas
2022-11-29,568.6,Asia
2024-03-13,323.49,Europe
2023-12-14,326.71,Europe
2023-06-29,620.13,Africa
2024-09-28,318.44,Europe
2023-03-29,774.22,Europe
2024-04-03,496.7,Europe
2023-11-01,589.0,Africa
2024-06-16,517.11,Europe
2022-05-31,556.19,Americas
2023-04-27,627.29,Africa
2023-06-04,323.23,Asia
2024-10-02,661.84,Europe
2022-07-10,382.07,Asia
2024-11-13,304.68,Africa
2022-09-11,715.44,Africa
2022-05-19,782.03,Africa
2022-04-08,857.81,Africa
2023-02-20,421.12,Europe
2023-05-23,643.5,Americas
2024-01-30,777.9,Africa
2024-12-08,548.38,Africa
2022-01-25,743.85,Europe
2022-04-19,491.97,Europe
2024-04-15,455.01,Asia
2022-05-30,416.24,Europe
2023-11-02,571.08,Europe
2024-01-25,884.79,Americas
2024-03-10,860.14,Asia
2023-11-05,590.81,Europe
2022-07-22,850.01,Europe
2024-05-04,751.38,Africa
2023-03-06,563.62,Americas
2024-03-05,735.7,Europe
2024-03-14,595.11,Asia
2024-12-07,774.7,Africa
2023-08-17,643.16,Europe
2024-12-11,386.58,Asia
2023-09-10,589.88,Africa
2024-05-15,303.84,Europe
2022-03-18,686.3,Africa
2023-04-08,789.43,Americas
2024-12-29,534.12,Asia
2022-07-24,759.98,Asia
2023-11-20,620.57,Europe
2023-03-03,846.24,Americas
2024-04-07,727.89,Europe
2024-06-01,572.33,Africa
2024-04-29,666.75,Americas
2024-10-08,547.29,Americas
2023-06-01,370.98,Africa
2023-05-13,770.52,Africa
2024-01-08,899.16,Europe
2022-09-06,759.43,Africa
2022-02-04,882.08,Africa
2022-07-16,815.63,Africa
2024-02-14,483.19,Europe
2024-09-22,848.76,Europe
2022-01-12,303.33,Americas
2024-10-01,377.71,Americas
2022-10-18,673.62,Asia
2023-05-09,706.67,Americas
2023-02-20,756.36,Americas
2022-05-16,493.92,Africa
2023-06-04,512.08,Europe
2022-09-14,438.78,Africa
2023-11-25,487.98,Europe
2022-11-24,309.81,Africa
2022-04-28,511.84,Americas
2024-07-22,518.57,Europe
2023-03-07,753.76,Asia
2022-06-18,303.65,Americas
2024-09-05,553.58,Africa
2023-08-21,853.74,Africa
2023-04-08,882.77,Africa
2023-03-21,528.17,Africa
2024-12-29,367.89,Europe
2024-07-17,889.44,Americas
2022-07-15,529.79,Europe
2023-07-19,785.72,Americas
2024-05-08,440.88,Europe
2023-08-07,839.1,Americas
2022-07-28,593.26,Africa
2023-08-24,460.79,Africa
2023-10-12,336.58,Europe
2023-05-25,460.07,Americas
2024-10-11,863.68,Europe
2023-10-04,879.58,Americas
2023-06-06,428.05,Europe
2022-02-14,712.89,Americas
2024-05-20,578.44,Asia
2024-01-11,503.77,Africa
2024-01-11,862.74,Europe
2024-12-09,773.15,Africa
2022-09-25,814.04,Asia
2023-02-02,544.9,Asia
2023-08-03,687.81,Americas
2023-01-11,632.35,Africa
2023-11-11,513.68,Asia
2023-09-11,571.14,Asia
2022-11-23,864.42,Africa
2022-02-15,332.57,Europe
2023-01-11,706.57,Americas
2022-04-20,862.21,Americas
2022-12-01,588.83,Africa
2022-12-07,704.33,Americas
2023-01-04,830.7,Africa
2024-09-20,464.24,Africa
2022-01-03,393.35,Asia
2023-06-07,438.02,Americas
2023-10-17,556.6,Europe
2024-03-26,758.53,Africa
2024-07-13,549.59,Americas
2022-01-29,842.45,Asia
2023-06-12,345.08,Asia
2023-12-25,624.82,Asia
2024-10-13,317.63,Americas
2022-06-03,580.24,Asia
2024-08-03,861.42,Asia
2024-09-26,301.71,Africa
2022-06-28,437.98,Asia
2022-08-29,852.66,Europe
2023-10-03,346.43,Europe
2024-03-12,679.83,Americas
2022-01-26,673.1,Europe
2023-08-04,829.91,Americas
2022-10-20,621.94,Americas
2024-01-20,455.43,Europe
2023-02-23,366.19,Asia
2024-08-06,866.14,Americas
2023-01-30,723.61,Africa
2023-05-19,581.4,Africa
2022-09-10,458.83,Europe
2023-04-06,846.37,Europe
2023-06-11,642.36,Americas
2024-03-05,461.96,Asia
2022-12-02,460.01,Africa
2024-08-31,786.17,Europe
2023-07-07,626.34,Americas
2023-11-19,475.05,Africa
2022-02-09,862.36,Europe
2022-04-17,555.74,Europe
2023-02-11,568.16,Europe
2023-10-16,668.94,Americas
2023-01-19,621.13,Europe
2023-07-10,488.49,Africa
2023-08-30,584.64,Africa
2022-07-20,371.3,Africa
2024-04-27,406.34,Africa
2023-05-09,450.37,Africa
2024-07-31,382.86,Asia
2024-10-28,526.62,Europe
2024-04-09,888.81,Europe
2023-09-25,451.29,Africa
2022-07-12,611.93,Africa
2023-03-01,459.67,Asia
2022-07-25,462.86,Asia
2023-12-30,493.91,Asia
2022-04-15,895.3,Asia
2023-10-08,377.97,Africa
2022-12-29,473.33,Americas
2022-06-18,691.38,Asia
2024-04-06,770.33,Africa
2023-02-17,528.55,Europe
2023-06-18,803.11,Europe
2022-03-31,444.58,Africa
2023-04-17,818.33,Asia
2023-04-15,852.17,Americas
2022-08-24,752.91,Asia
2022-05-05,692.73,Africa
2023-09-13,424.25,Asia
2022-07-26,878.04,Americas
2023-07-19,471.88,Europe
2023-04-09,476.31,Asia
2023-09-02,385.79,Asia
2022-03-08,586.97,Europe
2024-08-10,604.76,Americas
2023-05-20,713.42,Africa
2024-01-06,459.85,Europe
2023-04-02,593.59,Africa
2023-02-03,819.04,Americas
2022-02-12,783.05,Asia
2024-12-12,458.54,Americas
2024-07-24,536.17,Americas
2022-09-27,521.95,Asia
2023-01-21,521.71,Europe
2022-05-06,616.43,Asia
2023-07-26,772.92,Europe
2024-05-30,531.69,Europe
2024-07-10,364.33,Americas
2024-05-30,576.65,Africa
2022-02-22,384.77,Asia
2023-07-06,751.23,Asia
2022-06-04,670.79,Asia
2024-12-24,423.56,Americas
2023-05-14,475.35,Africa
2024-11-06,370.33,Asia
2023-09-02,354.03,Americas
2024-05-22,727.21,Africa
2022-05-12,708.71,Europe
2023-04-07,579.31,Asia
2023-12-15,705.58,Asia
2024-11-05,472.44,Europe
2023-05-18,355.84,Americas
2022-09-25,665.23,Asia
2024-04-06,672.39,Africa
2023-06-20,878.45,Americas
2022-06-22,609.11,Asia
2024-12-17,384.01,Africa
2024-03-12,635.0,Africa
2023-05-03,450.82,Africa
2024-02-15,727.93,Africa
2024-10-17,659.39,Americas
2024-05-14,676.2,Africa
2022-09-27,572.07,Africa
2023-10-23,528.62,Asia
2022-04-24,647.63,Americas
2022-09-11,350.16,Americas
2024-07-22,595.55,Asia
2024-04-29,750.16,Americas
2023-01-11,749.3,Asia
2024-04-08,566.93,Americas
2023-03-28,894.88,Europe
2022-05-21,319.24,Europe
2022-05-21,651.64,Africa
2022-05-19,460.52,Asia
2023-07-29,504.01,Africa
2023-10-17,653.42,Americas
2022-11-14,747.83,Asia
2022-09-26,626.96,Europe
2022-06-03,835.28,Asia
2023-12-06,576.65,Africa
2024-01-02,772.08,Africa
2023-01-03,527.4,Europe
2024-05-07,511.38,Asia
2023-05-10,422.51,Americas
2023-07-07,391.02,Africa
2024-01-13,417.3,Europe
2023-07-23,368.71,Europe
2024-09-07,655.12,Africa
2023-01-02,363.53,Americas
2024-07-27,879.78,Europe
2024-01-17,736.92,Africa
2023-09-24,598.11,Europe
2022-11-08,474.96,Americas
2023-08-25,841.06,Europe
2024-01-26,375.06,Africa
2024-01-22,758.92,Americas
2024-03-11,678.39,Americas
2023-01-14,831.6,Africa
2022-12-21,737.83,Asia
2024-07-13,463.78,Americas
2022-05-31,448.01,Europe
2022-07-21,362.36,Asia
2022-08-16,742.16,Asia
2022-02-18,748.6,Africa
2024-05-10,322.6,Africa
2024-03-31,759.08,Americas
2022-03-01,390.63,Africa
2022-04-01,566.85,Asia
2024-07-23,760.74,Africa
2024-03-16,483.86,Asia
2023-11-30,694.4,Asia
2024-06-10,571.93,Asia
2022-06-22,609.8,Asia
2022-12-28,473.12,Africa
2022-11-25,492.39,Europe
2023-07-10,822.61,Africa
2022-05-02,516.29,Africa
2022-06-06,623.94,Americas
2024-12-22,729.27,Europe
2024-05-15,630.57,Europe
2022-05-17,482.19,Americas
2022-09-25,827.12,Europe
2024-03-16,751.48,Europe
2024-10-12,495.95,Americas
2024-03-09,360.83,Africa
2022-03-01,520.73,Africa
2022-01-01,690.32,Europe
2022-12-09,625.63,Americas
2024-12-07,393.88,Asia
2023-05-14,635.13,Asia
2022-12-07,884.91,Africa
2022-05-06,603.8,Europe
2024-06-29,854.69,Asia
2023-03-12,629.76,Americas
2023-05-19,444.22,Africa
2022-05-13,652.84,Asia
2024-09-06,436.62,Europe
2022-08-04,538.98,Americas
2024-01-18,732.96,Africa
2024-02-19,670.49,Africa
2024-05-03,881.26,Asia
2022-03-14,662.14,Americas
2024-12-30,736.15,Americas
2023-05-15,677.94,Africa
2023-04-28,891.73,Africa
2023-02-09,883.34,Europe
2022-04-13,395.93,Asia
2023-09-08,695.15,Europe
2022-08-15,561.14,Asia
2022-06-17,525.75,Americas
2024-06-03,892.5,Asia
2022-11-21,847.41,Americas
2024-10-02,716.17,Europe
2022-03-09,489.74,Americas
2022-09-08,309.28,Africa
2023-12-22,884.81,Asia
2024-07-19,770.23,Asia
2022-01-03,524.67,Americas
2022-04-02,309.13,Asia
2024-08-26,788.76,Asia
2022-12-13,443.05,Americas
2022-08-02,368.89,Americas
2024-11-23,739.03,Europe
2024-10-06,423.13,Europe
2022-12-18,658.85,Americas
2024-03-03,411.9,Africa
2024-02-16,395.64,Asia
2022-02-12,461.12,Americas
2022-11-06,827.12,Africa
2024-03-05,875.77,Americas
2023-12-08,606.55,Europe
2023-08-30,896.25,Asia
2024-03-15,748.26,Europe
2023-09-21,745.76,Americas
2023-04-13,324.6,Africa
2023-03-07,751.8,Africa
2024-05-17,578.48,Europe
2023-06-09,833.49,Europe
2024-03-11,386.63,Americas
2022-02-15,467.24,Europe
2022-09-05,349.4,Asia
2023-03-12,716.28,Europe
2022-11-29,347.74,Asia
2024-08-02,337.91,Europe
2024-06-08,890.47,Americas
2023-07-28,860.74,Europe
2022-06-28,631.67,Africa
2023-07-04,860.22,Americas
2024-10-13,631.32,Asia
2024-07-10,820.83,Africa
2022-12-13,531.18,Asia
2022-06-08,563.21,Europe
2023-05-06,556.9,Africa
2022-11-08,540.21,Europe
2022-10-04,361.82,Africa
2024-12-19,637.43,Africa
2023-12-26,427.72,Asia
2024-08-10,875.5,Europe
2022-03-30,416.45,Europe
2022-03-02,410.94,Asia
2023-10-07,618.03,Europe
2023-01-06,870.69,Americas
2024-01-05,670.27,Africa
2022-07-06,723.75,Americas
2024-10-05,589.51,Europe
2023-11-12,786.73,Asia
2024-10-28,396.5,Africa
2022-05-02,886.85,Americas
2022-10-17,779.05,Asia
2024-12-21,343.36,Asia
2022-10-29,474.78,Europe
2022-02-18,683.53,Americas
2023-12-15,579.69,Asia
2023-09-15,511.35,Asia
2022-11-15,691.11,Americas
2024-10-08,690.48,Asia
2023-10-08,737.58,Europe
2024-07-21,805.74,Africa
2024-09-13,710.94,Africa
2024-03-16,425.32,Europe
2023-08-04,803.39,Americas
2024-07-25,332.87,Europe
2024-03-28,624.67,Europe
2022-06-19,629.41,Africa
2023-01-27,720.77,Africa
2024-02-10,502.61,Asia
2023-03-20,661.53,Asia
2024-07-06,676.61,Americas
2023-10-16,560.37,Americas
2022-06-28,516.75,Americas
2022-03-26,477.12,Asia
2024-08-10,418.26,Europe
2023-11-21,797.16,Europe
2024-06-16,488.51,Americas
2023-10-27,480.32,Africa
2024-08-25,357.0,Europe
2024-02-03,614.82,Asia
2023-08-26,692.7,Asia
2024-12-25,589.95,Europe
2023-07-06,704.0,Asia
2023-02-28,612.58,Europe
2022-08-22,642.72,Africa
2022-02-17,555.23,Europe
2022-10-04,533.12,Asia
2023-07-04,899.13,Asia
2024-03-04,449.78,Africa
2023-10-07,674.1,Asia
2024-04-19,841.81,Europe
2024-04-19,693.75,Americas
2023-04-07,761.85,Europe
2023-07-19,682.8,Americas
2022-06-06,397.72,Africa
2024-07-07,407.61,Africa
2023-01-24,747.93,Americas
2023-01-30,761.84,Americas
2023-03-23,364.19,Americas
2024-03-18,537.32,Asia
2022-02-27,807.41,Americas
2023-12-04,329.78,Europe
2024-01-06,744.17,Asia
2024-01-05,783.99,Africa
2024-09-16,849.86,Asia
2023-12-01,844.72,Americas
2022-12-21,722.72,Africa
2022-06-03,448.75,Americas
2023-09-16,381.26,Africa
2023-04-06,562.26,Asia
2024-03-13,529.63,Asia
2022-03-10,507.41,Asia
2024-05-31,568.68,Americas
2024-04-21,594.48,Americas
2024-06-28,399.71,Americas
2022-02-20,474.14,Asia
2024-07-14,724.15,Americas
2022-11-29,688.55,Europe
2024-06-21,536.87,Africa
2022-09-10,309.9,Asia
2024-08-28,402.77,Asia
2023-03-03,611.01,Americas
2023-09-03,431.27,Europe
2022-12-11,325.1,Americas
2022-06-21,710.54,Asia
2024-07-26,704.73,Asia
2023-12-01,738.43,Europe
2024-01-07,569.11,Asia
2022-05-02,645.93,Americas
2022-01-14,869.56,Asia
2023-02-27,379.19,Europe
2024-11-07,418.36,Americas
2023-02-10,547.88,Asia
2023-08-09,768.2,Europe
2023-12-08,869.48,Asia
2022-01-04,331.2,Africa
2023-05-03,652.15,Asia
2022-07-31,777.42,Africa
2024-02-03,633.04,Asia
2022-04-12,374.44,Asia
2022-06-13,334.79,Europe
2024-01-07,849.22,Asia
2024-07-23,795.47,Europe
2023-11-24,494.36,Europe
2024-05-29,579.03,Africa
2023-10-20,301.27,Africa
2024-02-02,678.23,Americas
2023-10-03,810.13,Europe
2022-04-25,371.3,Americas
2022-11-11,859.73,Americas
2024-05-17,830.75,Europe
2022-12-23,483.27,Americas
2022-06-12,886.63,Africa
2022-12-19,363.93,Europe
2022-02-20,333.02,Africa
2024-07-05,706.6,Americas
2022-10-26,539.62,Asia
2022-11-13,371.31,Americas
2023-01-12,371.43,Asia
2022-10-16,782.4,Africa
2022-01-17,681.95,Asia
2022-08-01,658.92,Americas
2024-05-23,894.92,Africa
2023-04-12,650.69,Europe
2023-08-03,581.58,Americas
2024-01-11,664.42,Africa
2023-01-16,695.77,Americas
2024-03-05,685.34,Americas
2023-04-01,335.27,Asia
2024-03-08,831.63,Africa
2022-01-31,313.86,Africa
2024-05-12,486.78,Asia
2024-05-02,711.5,Africa
2024-01-20,450.0,Europe
2024-03-30,876.22,Americas
2024-10-12,619.0,Asia
2022-12-15,685.02,Europe
2022-04-24,576.62,Americas
2022-04-13,462.09,Africa
2023-02-11,650.87,Americas
2022-08-07,558.63,Africa
2022-07-17,640.43,Europe
2023-12-26,431.34,Asia
2024-06-23,369.62,Americas
2024-10-10,704.74,Europe
2023-03-09,452.65,Europe
2024-09-25,787.82,Africa
2024-08-21,833.67,Americas
2022-06-12,335.05,Africa
2022-06-25,470.88,Africa
2023-11-22,379.11,Europe
2023-07-25,548.89,Europe
2023-01-21,566.62,Americas
2024-09-26,422.72,Americas
2024-11-08,814.16,Europe
2024-03-26,337.82,Europe
2022-08-08,836.4,Europe
2022-12-24,844.19,Europe
2023-06-19,676.29,Asia
2024-03-28,436.35,Americas
2024-05-17,355.62,Africa
2023-08-25,813.72,Africa
2022-01-06,720.64,Africa
2022-03-29,863.82,Europe
2022-02-08,862.59,Africa
2023-03-30,800.68,Americas
2023-06-07,620.76,Asia
2022-08-23,761.02,Africa
2022-10-01,509.5,Africa
2023-02-20,633.95,Asia
2024-08-07,749.86,Africa
2023-08-26,787.9,Africa
2023-06-23,647.13,Asia
2024-11-25,739.77,Asia
2022-01-27,742.46,Africa
2022-07-07,504.2,Europe
2022-03-05,381.64,Asia
2024-12-14,381.63,Europe
2022-05-15,695.89,Africa
2024-05-22,498.8,Europe
2023-02-13,352.87,Europe
2024-01-03,662.77,Asia
2023-05-26,861.19,Europe
2024-09-19,708.09,Americas
2022-09-17,800.7,Asia
2023-04-25,508.78,Americas
2022-10-31,545.77,Americas
2022-01-22,468.59,Americas
2022-06-08,609.58,Asia
2024-05-05,764.71,Africa
2022-12-26,487.76,Europe
2023-01-27,446.48,Americas
2024-12-08,733.01,Americas
2022-06-24,523.31,Europe
2023-03-14,399.46,Americas
2024-01-04,321.77,Europe
2022-10-03,821.46,Americas
2023-05-11,456.56,Asia
2024-10-14,530.58,Asia
2024-11-08,475.87,Americas
2024-04-20,541.47,Asia
2023-10-05,434.37,Africa
2022-02-13,729.65,Europe
2024-01-01,780.38,Asia
2022-01-08,408.61,Americas
2023-03-08,735.86,Africa
2023-06-11,858.69,Asia
2023-08-09,353.27,Africa
2023-08-21,474.05,Europe
2023-11-24,847.22,Americas
2023-03-31,819.89,Africa
2024-05-12,545.28,Americas
2022-01-07,506.78,Africa
2022-11-07,804.9,Europe
2024-06-20,451.93,Europe
2023-07-29,531.99,Americas
2023-01-29,679.71,Africa
2024-01-08,744.95,Americas
2022-04-27,800.02,Europe
2024-07-17,797.69,Americas
2022-05-16,493.21,Africa
2024-06-28,893.74,Europe
2022-09-01,765.48,Europe
2024-10-02,651.02,Africa
2023-04-16,329.35,Africa
2023-01-08,542.26,Asia
2023-05-02,347.45,Africa
2024-02-03,871.02,Asia
2024-06-23,600.71,Asia
2023-09-14,503.53,Americas
2024-11-15,591.11,Asia
2024-04-16,692.68,Africa
2022-05-08,512.99,Americas
2022-11-02,634.29,Americas
2023-11-03,818.9,Asia
2024-06-09,395.55,Asia
2024-12-13,775.0,Asia
2023-09-19,686.95,Africa
2024-02-08,342.3,Europe
2024-07-02,772.17,Asia
2024-10-22,732.51,Europe
2023-09-21,882.23,Europe
2023-05-04,505.71,Europe
2024-11-27,338.49,Africa
2023-01-08,504.65,Asia
2024-09-17,489.93,Africa
2024-10-20,562.94,Europe
2023-11-23,340.11,Europe
2024-05-07,388.9,Africa
2024-03-14,467.13,Americas
2023-03-13,832.94,Asia
2022-11-13,337.79,Europe
2024-04-16,631.07,Africa
2023-06-22,781.5,Americas
2024-01-29,794.84,Americas
2022-03-11,511.43,Africa
2022-01-29,887.66,Europe
2022-09-20,799.3,Asia
2022-04-19,868.17,Americas
2022-03-09,825.39,Europe
2022-12-29,572.47,Asia
2023-11-23,519.59,Americas
2023-01-10,610.29,Europe
2022-09-02,522.77,Europe
2023-07-12,524.69,Europe
2022-05-03,311.38,Asia
2024-05-17,677.67,Europe
2023-10-21,556.48,Africa
2024-11-25,745.13,Americas
2023-04-11,614.88,Americas
2023-06-15,818.3,Europe
2024-08-16,401.2,Africa
2024-10-10,399.02,Africa
2023-09-28,782.61,Africa
2024-03-02,873.71,Europe
2023-10-15,668.88,Asia
2024-05-23,593.17,Europe
2022-11-22,742.04,Africa
2023-08-14,549.66,Asia
2024-05-22,384.73,Africa
2023-11-13,434.81,Asia
2024-07-02,457.03,Europe
2022-08-16,499.96,Americas
2024-05-19,558.83,Africa
2022-02-18,379.16,Americas
2023-12-13,364.81,Asia
2024-06-11,699.24,Africa
2022-05-17,379.96,Europe
2022-07-18,448.15,Europe
2023-01-17,684.51,Europe
2023-10-09,725.26,Asia
2023-03-25,427.39,Africa
2022-07-08,660.32,Europe
2024-07-05,597.22,Americas
2022-09-15,578.11,Asia
2023-03-01,593.39,Asia
2024-12-28,756.54,Asia
2022-06-01,719.2,Asia
2023-01-13,328.28,Africa
2023-12-21,863.55,Africa
2024-10-27,436.42,Americas
2023-10-21,524.95,Europe
2023-01-23,746.45,Asia
2023-07-18,431.76,Asia
2024-05-05,659.49,Americas
2023-12-28,687.18,Asia
2024-06-12,500.41,Europe
2022-05-01,623.54,Asia
2024-07-21,778.3,Asia
2023-08-01,537.22,Americas
2022-05-19,634.25,Americas
2024-09-26,345.78,Asia
2022-04-10,492.22,Americas
2022-10-28,894.75,Africa
2022-03-03,661.7,Asia
2023-08-23,508.13,Asia
2022-06-15,331.18,Asia
2024-04-30,845.5,Americas
2022-07-06,497.28,Europe
2022-07-01,535.62,Asia
2022-11-30,478.24,Asia
2022-06-24,898.51,Americas
2022-12-29,842.45,Africa
2022-08-22,845.47,Europe
2022-03-06,702.82,Asia
2023-05-27,384.81,Europe
2023-06-02,833.8,Americas
2024-07-08,844.33,Europe
2023-10-28,566.5,Asia
2022-04-21,712.42,Africa
2024-01-30,858.29,Asia
2022-05-22,434.54,Europe
2023-05-31,712.87,Africa
2024-02-05,844.98,Europe
2022-01-14,795.59,Africa
2022-03-12,531.79,Africa
2022-03-04,425.47,Americas
2024-10-24,645.66,Asia
2022-08-03,882.64,Africa
2023-05-22,439.97,Asia
2024-09-23,659.29,Asia
2024-05-21,336.85,Asia
2022-03-27,348.34,Africa
2023-01-05,609.66,Asia
2022-07-29,598.93,Europe
2022-12-09,418.76,Europe
2024-07-27,526.64,Europe
2024-04-12,658.85,Americas
2023-03-22,695.8,Americas
2024-10-19,463.93,Americas
2022-05-04,395.73,Americas
2022-11-15,759.13,Asia
2022-07-04,571.24,Europe
2023-01-03,871.05,Africa
2024-08-08,552.66,Africa
2023-10-09,581.52,Asia
2024-08-30,513.49,Africa
2023-02-13,313.78,Asia
2023-09-21,351.58,Africa
2022-05-29,740.28,Asia
2024-08-28,737.46,Asia
2022-04-22,607.11,Americas
2022-01-11,858.79,Africa
2024-04-16,818.06,Europe
2023-08-11,482.28,Asia
2024-03-20,825.38,Americas
2022-03-23,752.15,Europe
2024-05-23,447.8,Africa
2023-08-23,842.65,Asia
2022-11-22,729.5,Asia
2024-01-01,711.17,Americas
2024-04-02,356.73,Africa
2023-05-14,661.73,Asia
2024-05-15,643.3,Europe
2022-06-01,678.9,Americas
2022-03-16,775.7,Europe
2024-09-17,793.77,Africa
2024-02-29,437.52,Americas
2022-10-14,778.56,Asia
2024-10-31,330.89,Americas
2024-05-26,780.15,Americas
2024-01-28,682.71,Africa
2023-08-06,426.82,Asia
2024-05-09,711.77,Europe
2022-05-19,395.29,Americas
2024-05-24,525.72,Africa
2023-01-30,302.06,Europe
2022-12-29,571.89,Europe
2024-08-02,403.91,Americas
2023-04-24,739.77,Europe
2024-07-06,334.36,Europe
2024-05-10,593.09,Asia
2024-03-08,898.04,Asia
2023-12-10,484.18,Asia
2022-02-17,887.69,Asia
2022-08-24,635.42,Africa
2024-01-22,613.56,Asia
2023-08-09,619.11,Europe
2022-06-20,651.67,Americas
2022-06-06,466.75,Americas
2024-10-21,731.95,Europe
2024-02-21,455.78,Asia
2024-03-21,727.64,Americas
2024-11-04,598.42,Europe
2024-04-03,867.19,Americas
2022-09-11,758.91,Africa
2023-06-09,322.86,Asia
2024-04-15,583.62,Africa
2023-11-13,820.39,Africa
2023-03-20,416.1,Africa
2023-09-06,668.78,Asia
2023-08-27,888.48,Europe
2023-08-01,646.0,Americas
2023-01-14,588.22,Americas
2022-03-09,610.23,Asia
2022-08-17,302.76,Africa
2022-10-09,651.56,Americas
2023-03-20,376.39,Africa
2024-07-15,446.44,Africa
2023-12-27,825.56,Asia
2023-11-25,763.22,Europe
2024-03-24,882.49,Asia
2023-02-23,832.65,Asia
2022-06-26,740.3,Americas
2022-10-24,698.52,Americas
2024-01-12,492.72,Americas
2023-03-02,618.26,Africa
2023-06-11,336.87,Americas
2023-09-27,695.98,Asia
2022-02-24,742.19,Africa
2024-10-13,466.15,Americas
2024-08-18,536.16,Africa
2023-04-23,831.92,Asia
2024-08-24,751.62,Africa
2022-12-30,498.31,Americas
2022-10-09,746.65,Asia
2023-06-11,647.79,Americas
2024-05-26,618.87,Europe
2024-11-29,810.66,Americas
2024-11-01,772.02,Asia
2023-12-19,532.65,Americas
2024-08-28,899.57,Europe
2023-09-10,676.71,Americas
2024-09-10,775.54,Europe
2023-09-16,373.07,Africa
2022-04-06,336.27,Asia
2024-09-27,396.41,Asia
2022-10-05,679.31,Africa
2023-01-13,413.56,Europe
2022-09-09,835.31,Europe
2022-01-23,433.2,Europe
2023-02-18,423.42,Americas
2024-03-04,636.93,Africa
2022-02-25,305.35,Americas
2022-12-02,764.72,Europe
2022-04-14,815.87,Europe
2023-08-05,828.21,Americas
2024-03-23,747.68,Americas
2022-08-10,503.62,Americas
2023-11-14,606.05,Europe
2023-07-18,818.56,Asia
2023-04-13,558.99,Europe
2022-10-25,768.27,Americas
2022-12-26,417.38,Asia
2024-10-06,754.22,Asia
2024-10-24,541.33,Africa
2023-10-27,391.14,Asia
2024-07-07,757.51,Americas
2023-09-15,517.67,Europe
2022-03-30,454.51,Europe
2023-11-20,394.29,Americas
2023-07-01,754.84,Americas
2024-04-16,588.61,Americas
2023-05-06,859.69,Asia
2023-01-02,337.59,Europe
2023-08-28,684.83,Africa
2022-11-14,670.48,Europe
2022-06-17,809.94,Asia
2022-09-09,873.3,Africa
2024-08-24,654.72,Asia
2023-03-23,588.07,Americas
2022-11-17,438.87,Asia
2023-06-11,332.62,Asia
2024-11-19,395.66,Europe
2022-08-08,347.82,Europe
2024-12-15,810.45,Asia
2024-07-05,329.82,Europe
2023-12-06,339.54,Europe
2022-05-31,414.18,Europe
2022-04-16,743.01,Americas
2024-06-06,335.76,Europe
2024-12-08,812.3,Americas
2022-04-08,682.67,Asia
2022-12-13,563.2,Africa
2023-11-02,493.45,Asia
2024-11-08,764.08,Americas
2024-03-29,747.25,Americas
2023-09-21,618.12,Americas
2023-05-28,809.87,Europe
